texto_original,origen,modelo,sentimiento,explicacion,tiempo_ejecucion
"Great insight on the latest camping and outdoor hospitality trends with Rafael ""Rafo"" Correa on MC Fireside Chats.",linkedin,Gemini (LinkedIn),Positivo,El comentario utiliza la frase 'Great insight' (Gran perspectiva) para elogiar la calidad y utilidad de la informaci√≥n compartida en el chat.,4.1525
"MC Fireside Chats - March 5th, 2025  This week on MC Fireside Chats, join us on March 5, 2025, at 2 PM EST for an all-new episode where we take a deep dive into the latest camping and outdoor hospitality trends, brought to you by.   Join host Brian Searl alongside this week‚Äôs recurring guests:  *Mark Koep, Founder & CEO of *Scott Bahr, President of *Simon Neal, Founder & CEO of *Miguel Huerta, President of the *Rafael Correa, President & CFO of  In this episode, we‚Äôre excited to welcome special guests Shari L. Heilala, President & CEO of, and Matt Whittemore, a respected outdoor hospitality professional.   MC Fireside Chats is hosted by Brian Searl, the Founder & CEO of Insider Perks and Modern Campground. ‚Ä¶ m√°s",linkedin,Gemini (LinkedIn),Positivo,"El texto es un anuncio promocional entusiasta para un evento profesional, utilizando lenguaje positivo ('excited to welcome', 'deep dive') y destacando la participaci√≥n de l√≠deres respetados de la industria.",4.25
"In 8 hours of work, without BIM methodology, ¬øhow many mechanical drawings can a mechanical designer produce? En 8 horas de trabajo, Sin metodolog√≠a BIM ¬øCuantos planos mec√°nicos puede elaborar un proyectista mec√°nico? Project Management Project Management Institute IPMA: International Project Management Association ‚Ä¶ m√°s",linkedin,Gemini (LinkedIn),Neutro,"El comentario es una pregunta profesional y comparativa que busca datos cuantitativos sobre la productividad sin la metodolog√≠a BIM, con el fin de generar una discusi√≥n t√©cnica sobre la eficiencia en la gesti√≥n de proyectos.",4.3152
"I was really sad to stumble across your article, it‚Äôs shameful, it lacks clarity and spreads misinformation,  ultra-right propaganda. Allegations against Rafael Correa for stealing $7 billion lack credible evidence, as neither court documents nor the General Attorney's filings mention such an amount. The narrative originated from Moreno, based on a report from the BID, which didn't even mentioned Correa. The cases of Villavicencio's murder and Gabela's murder lack evidence, convictions and are clouded by political manipulation. I sincerely expected better from a retired lecturer living in Ecuador üá™üá® you don‚Äôt have support Correa o even be a left-wing supporter but you should at least be FAIR !  LAWFARE, this is the name of the game that is being played in Ecuador! ‚Ä¶ m√°s",linkedin,Gemini (LinkedIn),Negativo,"El comentario es fuertemente negativo, utilizando t√©rminos como 'triste', 'vergonzoso' y 'propaganda'. Expresa decepci√≥n personal y acusa al autor de difundir desinformaci√≥n y participar en 'LAWFARE' debido a la falta de imparcialidad.",4.927
Yo podr√≠a hacer 15 planos,linkedin,Gemini (LinkedIn),Positivo,"El comentario es una afirmaci√≥n de alta capacidad o productividad profesional, lo que denota confianza en la habilidad para realizar una tarea espec√≠fica.",5.0879
"I was really sad to stumble across your article, it‚Äôs shameful, it lacks clarity and spreads misinformation.  Electropowerplants that don¬¥t work, have cracks in them, major sources of overcharges and corruption (Ecuador right now has blackouts of up to 7 hours a day), universities that were not opened but closed down. IESS (social security) is a TOTAL mess because of billions of dollars stolen, I could go on and on and on.  Does Commonwealth have $$$ envolved with Correa and feels compelled to defend him?  That is my only explanaation of your untrue, invalid, over the top reponse. ‚Ä¶ m√°s",linkedin,Gemini (LinkedIn),Negativo,"El comentario es fuertemente cr√≠tico y negativo, utilizando t√©rminos como 'shameful' y 'TOTAL mess'. Expresa indignaci√≥n por la corrupci√≥n, la falta de claridad del art√≠culo y enumera fallas graves en la infraestructura y la seguridad social de Ecuador.",5.1202
"I was really sad to stumble across your article, it‚Äôs shameful, it lacks clarity and spreads misinformation.  Electropowerplants that don¬¥t work, have cracks in them, major sources of overcharges and corruption (Ecuador right now has blackouts of up to 7 hours a day), universities that were not opened but closed down. IESS (social security) is a TOTAL mess because of billions of dollars stolen, I could go on and on and on.  Does Commonwealth have $$$ envolved with Correa and feels compelled to defend him?  That is my only explanaation of your untrue, invalid, over the top reponse. ‚Ä¶ m√°s",linkedin,Gemini (LinkedIn),Negativo,"El comentario es fuertemente cr√≠tico y acusatorio. Expresa decepci√≥n y verg√ºenza por el art√≠culo, al que tacha de desinformaci√≥n, y enumera graves problemas socioecon√≥micos y de corrupci√≥n (apagones, robo en la seguridad social) para refutar la postura del autor.",5.3378
"Tom Warson 9 Hydroelectric powerplants, wind farms, schools, univerties, hospitals, roads (the most incredible roads that cut through mountains and then tons and tons of cement and structure to avoid landslides), medicine, cancer treatments, dialysis, palliative care (which also was available for foreigners who chose to live in Ecuador) uniforms, wealthfare, parks, police, the army, ecu911 was almost as good as the British police, art, museums, internet for people in far away communities, agriculture, export projects, Ecuadorean branding that was actually something to be proud of, tourism. Looks the US debt isn‚Äôt in the trillions ? ‚Ä¶ m√°s",linkedin,Gemini (LinkedIn),Positivo,"El comentario enumera una gran cantidad de logros, infraestructura y servicios p√∫blicos en Ecuador (carreteras, hospitales, branding nacional), utilizando lenguaje de orgullo y admiraci√≥n expl√≠cita (""the most incredible roads"", ""something to be proud of"").",5.4595
#rafaelcorrea #ecuador #Hobshawn #robinhood #noblethief #danielnoboa,linkedin,Gemini (LinkedIn),Neutro,"El comentario solo contiene hashtags pol√≠ticos y descriptores ambiguos ('noblethief', 'robinhood') que pueden ser usados tanto para alabar como para criticar a las figuras mencionadas (Correa y Noboa). La intenci√≥n es comparativa o de etiquetado, sin emoci√≥n expl√≠cita.",6.1179
Ac√° la lista de los ‚ÄúPresidentes‚Äù latinoamericanos que han hecho documentales sobre c√≥mo vinieron a cambiar un pa√≠s‚Ä¶   ‚Ä¢Hugo Ch√°vez y Nicol√°s Maduro ‚Ä¢Fidel Castro  ‚Ä¢Evo Morales  ‚Ä¢Rafael Correa  ‚Ä¢Daniel Ortega   Evidente el patr√≥n‚Ä¶,x,Groq (X),Negativo,"El tweet presenta una lista de presidentes latinoamericanos de tendencia izquierdista y sugiere un patr√≥n negativo, lo que implica una cr√≠tica o desaprobaci√≥n hacia ellos.",0.9398
Sounds like a fascinating discussion!,linkedin,Gemini (LinkedIn),Positivo,"El uso del adjetivo ""fascinating"" (fascinante) expresa un alto grado de inter√©s y aprobaci√≥n hacia el tema de la discusi√≥n.",2.3003
Rafael Correa fue el mejor Presidente que tuvo y tendr√° Ecuador....... Derechistas opresores. Y ahora qui√©n dice como est√° Ecuador los medios callan la prensa corrupta calla.,linkedin,Gemini (LinkedIn),Negativo,"El comentario es altamente polarizado. Aunque alaba a un expresidente, el tono general es de fuerte cr√≠tica y desconfianza hacia la oposici√≥n pol√≠tica (etiquetada como 'opresores') y los medios de comunicaci√≥n (calificados de 'corruptos').",6.4765
"| INDIGNANTE: El periodista Andr√©s L√≥pez visit√≥ la Refiner√≠a del Pac√≠fico, el mega proyecto de Rafael Correa en alianza con el chavismo que termin√≥ en corrupci√≥n y despilfarro de m√°s de USD 2.000 millones. ""Este deber√≠a ser un sitio tur√≠stico‚Ä¶ imposible no sentir",x,Groq (X),Negativo,"El tweet describe un proyecto como un ejemplo de corrupci√≥n y despilfarro, lo que indica un sentimiento negativo hacia el proyecto y sus involucrados.",0.7604
Great work!,linkedin,Gemini (LinkedIn),Positivo,"El comentario utiliza un adjetivo de alta intensidad (""Great"") para expresar aprobaci√≥n y elogio hacia el trabajo realizado.",1.9597
"Code reviews detect defects 200% more often than most testing (Capers Jones, 12k+ projects).  That‚Äôs why we built CodeCheck, automated code review that enforces complexity, architecture, and maintainability rules before issues reach production.",x,Groq (X),Positivo,"El tweet presenta una estad√≠stica que respalda la efectividad de las revisiones de c√≥digo y anuncia una herramienta que automatiza este proceso, lo que sugiere una soluci√≥n valiosa y eficaz.",0.8119
Lazcan verga con el mu√±eco de Cart√≥n pero estos infelices trajeron al mu√±eco de carne y hueso con una M√ÅSCARA DE RAFAEL CORREA... EN FIN LA HIPOTENUSA,x,Groq (X),Negativo,"El lenguaje utilizado es ofensivo y cr√≠tico hacia una figura pol√≠tica, indicando un sentimiento negativo",0.8035
"Jamil Mahuad, expresidente de Ecuador, denunci√≥ que fue perseguido durante el corre√≠smo y sin posibilidad de defenderse. El exmandatario asegur√≥ que Rafael Correa manej√≥ el poder judicial.   Mira la entrevista completa en   lhra.ec/Xw5Vc2C",x,Groq (X),Negativo,"El tweet menciona persecuci√≥n y manipulaci√≥n del poder judicial, lo que implica una connotaci√≥n negativa hacia el gobierno de Rafael Correa",0.8083
Thank you!,linkedin,Gemini (LinkedIn),Positivo,"El comentario es una expresi√≥n directa de agradecimiento, lo que inherentemente denota aprecio y satisfacci√≥n.",2.2814
Thank you Bri!,linkedin,Gemini (LinkedIn),Positivo,"El comentario expresa gratitud y aprecio directo, lo cual es una emoci√≥n positiva.",2.0584
"The origin of the blackouts and insecurity in Ecuador is Correismo  The blackouts, insecurity and the huge foreign debt all have their origin in the policies of the Rafael Correa regime  You will say how can we continue to blame Rafael Correa for the problems that occur almost eight years after he left power, and seven years since his elected successor and supporter Lenin Moreno ceased to be his supporter.  Well, it's simple. The three main problems facing Ecuador today are electricity blackouts, insecurity and high public debt. And all three problems have their origins in Correa's regime and policies.  Read more:  ‚Ä¶ m√°s",linkedin,Gemini (LinkedIn),Negativo,"El comentario es altamente cr√≠tico y acusatorio, atribuyendo los principales problemas del pa√≠s (apagones, inseguridad, deuda) a las pol√≠ticas de un r√©gimen pol√≠tico anterior (""Correismo"").",3.2108
So cool Bo!,linkedin,Gemini (LinkedIn),Positivo,El uso de la frase 'So cool' (Muy genial) es un indicador de entusiasmo y fuerte aprobaci√≥n hacia el contenido o la persona mencionada.,2.3672
"El abogado V√≠ctor Tomal√°, de Santa Elena. Despu√©s de este video, lo asesinaron. ¬°Hasta cu√°ndo!",x,Groq (X),Negativo,"El tweet expresa indignaci√≥n y condena por el asesinato de un abogado, lo que indica un sentimiento negativo",0.7117
"#Verg√ºenzaMundial Como siempre, Noboa es cuestionado a nivel mundial. Lejos quedaron los d√≠as en que realmente ten√≠amos un presidente que nos hac√≠a sentir orgullosos, como Rafael Correa.  #LosCorruptosSiempreFueronEllos #ElMomentoEsAhora",x,Groq (X),Negativo,"El tweet expresa descontento y verg√ºenza hacia Noboa, y una nostalgia positiva hacia Rafael Correa, lo que indica un sentimiento negativo hacia la situaci√≥n actual",0.7232
"""Latin American countries have historically been wary of foreign investment in sectors considered critical to national security but have been strangely open to Chinese technological investment,"" I told the United States Southern Command's Di√°logo Am√©ricas Magazine.  ""Ecuador is no exception. The Rafael Correa government used [surveillance system] ECU-911 to spy on domestic political opponents, and because ECU-911 relies on Chinese engineers, there is a persistent risk of foreign surveillance.""  Thank you to Maria Zuppelo for inviting me to offer a quote.  ‚Ä¶ m√°s",linkedin,Gemini (LinkedIn),Negativo,"El comentario es cr√≠tico y cauteloso, destacando los riesgos de seguridad nacional y el potencial espionaje asociado con la inversi√≥n tecnol√≥gica china (ECU-911) en pa√≠ses latinoamericanos.",3.4591
Rafael Correa en la mira de EEUU y Ecuador por sus v√≠nculos con el Cartel de Los Soles donde es asesor de Nicolas Maduro.  Se vienen Terremotos en la Robolucion Ciudadana,x,Groq (X),Negativo,"El tweet menciona a Rafael Correa en relaci√≥n con un cartel y utiliza la palabra 'Terremotos', lo que sugiere una connotaci√≥n negativa y cr√≠tica hacia su persona y acciones.",0.9427
Esto no lo dijo un digno representante de alg√∫n pa√≠s subdesarrollado: es el discurso en Davos del primer ministro de Canad√°.,x,Groq (X),Negativo,"El tweet expresa cr√≠tica y desaprobaci√≥n hacia el discurso del primer ministro de Canad√° en Davos, compar√°ndolo desfavorablemente con lo que se esperar√≠a de un pa√≠s subdesarrollado.",0.9286
"PAUTA ENERO MEDIOS DIGITALES LA DEFENSA conoci√≥ la lista y montos establecidos para pauta por la Secretar√≠a de Comunicaci√≥n para medios digitales. La inversi√≥n corresponde a enero 2026.  La cifra se conoce este 25 de enero, en el marco de una pol√©mica reforma  que atentar√≠a",x,Groq (X),Negativo,"El tweet menciona una 'pol√©mica reforma', lo que sugiere una connotaci√≥n negativa",0.8738
"Estas cloacas con antenas no informan: manipulan. Teleamazonas es del banquero Fidel Egas -se la rob√≥ a la familia Granja Centeno-, quien en mi gobierno se fue a vivir a Espa√±a para no pagar impuestos. Su testaferro era Sebasti√°n  Corral, ilegalmente alto funcionario del Gobierno",x,Groq (X),Negativo,"El tweet utiliza un lenguaje cr√≠tico y acusatorio hacia Teleamazonas y sus propietarios, lo que indica un sentimiento negativo",0.925
"EL ROBO DESCARADO DEL ALCALDE CORREISTA DE QUITO PABEL MU√ëOZ! Primero fue Rafael Correa en meterle mano a los trabajadores, maestros y docentes, ahora el alcalde de Quito sigue sus pasos meti√©ndole la mano a los ciudadanos quite√±os rob√°ndole la plata los IMPUESTOS PREDIALES",x,Groq (X),Negativo,"El lenguaje utilizado es fuerte y acusatorio, con palabras como 'robo descarado' y 'rob√°ndole la plata', lo que indica una clara cr√≠tica y desaprobaci√≥n hacia el alcalde y su gesti√≥n",1.0368
"Rafael Correa: Es invitado a medios internacionales, festivales prestigiosos, charlas en universidades. Es autor de varios libros de pol√≠tica, econom√≠a, mucha gente en el exterior lo quiere, tiene el respaldo de figuras mundiales.  Y ustedes quemando h√≠gado gratis",x,Groq (X),Positivo,"El tweet destaca logros y reconocimientos de Rafael Correa, mostrando admiraci√≥n y apoyo hacia √©l.",0.9679
"| URGENTE: El presidente Daniel Noboa comparte una imagen de exvicepresidente del comunista Rafael Correa, preso por corrupci√≥n : ‚ÄúBienvenido al nuevo hogar. Pronto llegar√°n otros criminales.‚Äù ¬øApoyas esta CONTUNDENTE MEDIDA de Noboa?",x,Groq (X),Positivo,"El tweet utiliza un tono de aprobaci√≥n hacia la medida del presidente Daniel Noboa, calific√°ndola de ""CONTUNDENTE"" y sugiriendo que otros criminales ser√°n castigados, lo que implica una postura favorable.",1.0015
#NosGobiernanDelincuentes,x,Groq (X),Negativo,"El tweet utiliza un lenguaje cr√≠tico y acusatorio hacia los gobernantes, lo que indica una actitud negativa",0.9099
Lo que Rafael Correa no le perdona a Daniel Noboa es haber salvado al Ecuador de la quiebra total.,x,Groq (X),Negativo,"El tweet implica una cr√≠tica hacia Rafael Correa, sugiriendo que tiene un resentimiento hacia Daniel Noboa por una acci√≥n positiva (salvar al Ecuador de la quiebra total), lo que indica un sentimiento negativo hacia Correa.",1.0167
"RAFAEL CORREA LO TRAT√ì MAL A PABEL MU√ëOZ PERO AH√ç EST√Å EN LA CONVENCI√ìN   Sin pena ni gloria, y sin verg√ºenza lleg√≥ el alcalde de Quito, Pabel Mu√±oz, a la convenci√≥n de la RC5 en Manta.",x,Groq (X),Negativo,"El tweet menciona que Rafael Correa trat√≥ mal a Pabel Mu√±oz y describe la llegada de Mu√±oz a la convenci√≥n con un tono negativo, utilizando frases como 'Sin pena ni gloria' y 'sin verg√ºenza'.",0.8359
"UY, ¬øINDIRECTA CON NOMBRE Y APELLIDO?  Desde la Convenci√≥n Nacional de la Revoluci√≥n Ciudadana, Rafael Correa se refiri√≥ a la salida de militantes del movimiento: ‚ÄúLos que se van son los que nunca debieron estar‚Äù.",x,Groq (X),Negativo,"El tono del tweet y la cita de Rafael Correa sugieren una cr√≠tica hacia los militantes que abandonan el movimiento, lo que indica un sentimiento negativo.",0.8728
El mundo  sabe que Rafael Correa es el responsable de la escalada de violencia en Ecuador.  Un miserable es 4 pelos.,x,Groq (X),Negativo,"El lenguaje utilizado es fuertemente cr√≠tico y despectivo hacia Rafael Correa, lo que indica un sentimiento negativo",0.9793
"Rafael Correa promovi√≥ este ""perfil"".  Es un miserable, un traidor de la Patria.  Asqueroso.",x,Groq (X),Negativo,"El lenguaje utilizado es fuertemente cr√≠tico y ofensivo hacia Rafael Correa, con palabras como 'miserable', 'traidor' y 'asqueroso', lo que indica un sentimiento negativo intenso.",0.9318
#ATENCION | Rafael Correa intervino durante la convenci√≥n nacional de la Revoluci√≥n Ciudadana en Manta. El expresidente se refiri√≥ a la salida de militantes del movimiento en medio del encuentro pol√≠tico: ‚ÄúLos que se van son los que nunca debieron estar; siempre preferiremos ser,x,Groq (X),Positivo,"El expresidente Rafael Correa muestra confianza y determinaci√≥n en su discurso, enfatizando la preferencia por mantener la esencia del movimiento sobre la cantidad de militantes.",1.0933
"| ASCO TOTAL: El pr√≥fugo comunista Rafael Correa ‚Äúda la bienvenida‚Äù a Gabriela Rivadeneira como presidente de la RC5: ‚ÄúGracias, querida Gabriela, por aceptar este inmenso desaf√≠o. Vuelves a tu patria repleta de dignidad‚Äù, dice quien huy√≥ de la justicia y hoy reparte cargos,",x,Groq (X),Negativo,"El lenguaje utilizado es cr√≠tico hacia Rafael Correa, calific√°ndolo como 'pr√≥fugo comunista' y destacando su huida de la justicia, lo que indica un sentimiento negativo.",1.0014
Tuvieron que hacer un a√±o viejo del pr√≥fugo y criminal de Rafael Correa para amargar a los borregos que fueron al encuentro de mafias.,x,Groq (X),Negativo,"El lenguaje utilizado es cr√≠tico y despectivo hacia Rafael Correa y los asistentes al encuentro, indicando un sentimiento negativo",0.9688
"Debatir con un derechista es:  ""El izquierdismo ha destruido a la sociedad ecuatoriana basado en la informaci√≥n p√∫blica que tenemos, c√≥mo por ejemplo, la tabla de consumo implementada en la √©poca de Rafael Correa.""  Debatir con un Correista es:  ""Te gusta la v3rga hijo de p**** y",x,Groq (X),Negativo,"El tweet presenta un lenguaje cr√≠tico y ofensivo hacia personas con ideolog√≠as pol√≠ticas opuestas, lo que indica un sentimiento negativo",0.8917
"AS√ç termin√≥ el bandido corrupto y pr√≥fugo de la justicia Rafael Correa, viviendo solo en B√©lgica, con un gato y con dos celulares. El crimen no PAGA. Gracias Daniel Noboa por mantener a estas ratas lejos de Ecuador. ¬øApoyas esto?",x,Groq (X),Negativo,"El tweet expresa desaprobaci√≥n y cr√≠tica hacia Rafael Correa, utilizando t√©rminos como 'bandido corrupto' y 'crimen', lo que indica un sentimiento negativo.",0.9223
"Que Rafael Correa es un pobre imb√©cil, un tar√∫pido y un torpe.  Dicen sus propios borregos, inclu√≠do el asesor de la rana ren√©.  - Alguien h√°gale llegar esto al pr√≥fugo badea que a mi me tiene bloqueada.  x.com/altavoz_ecu/st ‚Ä¶",x,Groq (X),Negativo,"El lenguaje utilizado es ofensivo y despectivo hacia Rafael Correa, lo que indica un sentimiento negativo",0.8688
"ATENCI√ìN | El gobierno de Daniel Noboa pedir√° la difusi√≥n roja de Interpol para Rafael Correa, acusado de corrupci√≥n y con prohibici√≥n de entrada a EE.UU. Parece que sus ‚Äúlogros‚Äù no lo salvaron de enfrentar la justicia, ni en EE.UU., donde le prohibieron la entrada.",x,Groq (X),Negativo,"El tweet menciona acusaciones de corrupci√≥n y prohibici√≥n de entrada a EE.UU. contra Rafael Correa, lo que indica un tono cr√≠tico y desfavorable hacia su persona.",0.8906
Jean Wyllys aplaudindo Alexander Dugin - junto a Rafael Corr√™a e Gustavo Petro.  Parem tudo o que est√£o fazendo.,x,Groq (X),Negativo,"El tweet expresa sorpresa o cr√≠tica hacia Jean Wyllys por aplaudir a Alexander Dugin, lo que sugiere una opini√≥n desfavorable",0.9728
"Rafael Correa ‚Äúestuvo presente‚Äù en la convenci√≥n de la Revoluci√≥n Ciudadana‚Ä¶ no en persona, sino a trav√©s de un disfraz que buscaba simbolizar su liderazgo ausente.",x,Groq (X),Negativo,"El tono del tweet sugiere iron√≠a y cr√≠tica hacia la presencia simb√≥lica de Rafael Correa, lo que indica un sentimiento negativo",1.0297
"Es 100% herencia de Rafael Correa, literalmente legalizo pandillas y toda izquierda mundial y sus medios lo aplaud√≠an. En el mediano y largo plazo se ven las consecuencias de organizaciones criminales que amasaron riqueza durante todos esos a√±os y se disputan el poder.",x,Groq (X),Negativo,"El tweet expresa cr√≠tica hacia la herencia de Rafael Correa y la legalizaci√≥n de pandillas, lo que sugiere un sentimiento negativo hacia esas pol√≠ticas y sus consecuencias.",1.0832
El pr√≥fugo y menestra de Rafael Correa es una virus que infecta todo lo que toca.,x,Groq (X),Negativo,"El uso de palabras como 'pr√≥fugo' y 'virus' tiene una connotaci√≥n muy negativa, indicando una fuerte cr√≠tica hacia Rafael Correa.",3.3337
"Rafael Correa reacciona a los gritos de la vicepresidenta Mar√≠a Jos√© Pinto: ""A m√≠ no me parece ¬´muy bien¬ª. Por el contrario, de ser sincera su reacci√≥n, me parece una g‚Ä¶ Ver m√°s",fb,OpenRouter (Facebook),Negativo,"El post muestra a Rafael Correa criticando duramente la reacci√≥n de la vicepresidenta Mar√≠a Jos√© Pinto, utilizando un lenguaje que expresa desaprobaci√≥n.",4.276
"#Manabi La Alcaldesa del Cant√≥n de Sim√≥n Bol√≠var, Maria Fernanda Vargas, acudi√≥ a la convenci√≥n de la Revoluci√≥n Ciudadana a pesar de los √∫ltimos reportajes d√≥nde se la vincula con chats con el ex capo, Leandro Norero, adem√°s el l√≠der del movimiento Rafael Correa sigue la reuni√≥n",x,Groq (X),Desconocido,Sin explicaci√≥n,5.2061
"Rafael Correa lo maltrat√≥, pero, ah√≠ est√° el alcalde Pabel Mu√±oz en la Convenci√≥n de la RC5 en Manta.",x,Groq (X),Desconocido,Sin explicaci√≥n,5.1326
"Rafael Correa un romance con las FARC, se financi√≥ con dinero de la guerrilla de Colombia para llegar a la presidencia de Ecuador.",x,Groq (X),Desconocido,Sin explicaci√≥n,5.2153
"El presidente  @DanielNoboaOk  y su c√≠rculo cercano deber√≠an de estar conscientes de Rafael Correa, que gobern√≥ y control√≥ el mayor poder del Estado por m√°s de 10 a√±os termin√≥ condenado; su VP y mano derecha √≠dem; su arquitecto jur√≠dico, lo mismo; su contralor 100/100 con",x,Groq (X),Negativo,El tweet menciona condenas y control de poder de manera cr√≠tica hacia figuras pol√≠ticas,5.3157
"Rafael Correa afirm√≥ que el problema es que ""tenemos a dos primates con corbata"", Trump y Rubio, manejando la naci√≥n m√°s poderosa de la historia de la humanidad, lo cua‚Ä¶ Ver m√°s",fb,OpenRouter (Facebook),Negativo,"El lenguaje utilizado es claramente cr√≠tico y despectivo, llamando a figuras pol√≠ticas 'primates con corbata', lo cual denota una fuerte insatisfacci√≥n.",4.9629
"Rafael Correa, expresidente del Ecuador, tuvo una entrevista con Radio Pichincha. Correa reflexion√≥ sobre la derrota del S√ç el 16 de noviembre. ""Es satisfactorio porque algo queda, no pueden desturir todo"", expres√≥ Correa. ""La estrategia de la derecha es generar terror"" coment√≥ en este medio de comunicaci√≥n.",fb,OpenRouter (Facebook),Neutro,"El post informa sobre las declaraciones de Rafael Correa sin mostrar un sesgo emocional claro. Aunque menciona una derrota y una cr√≠tica a la derecha, el tono es m√°s informativo que emocional.",7.0292
"Rafael Correa, expresidente del Ecuador, tuvo una entrevista con Radio Pichincha. Correa reflexion√≥ sobre la derrota del S√ç el 16 de noviembre. ""Es satisfactorio porque‚Ä¶ Ver m√°s",fb,OpenRouter (Facebook),Positivo,El t√©rmino 'satisfactorio' indica unaperspectiva positiva de Rafael Correa sobre la derrota del 'S√ç'.,7.7933
No deber√≠an entrevistar a personas que est√°n pr√≥fugas,fb,OpenRouter (Facebook),Negativo,El post expresa desaprobaci√≥n hacia la acci√≥n de entrevistar a personas pr√≥fugas.,7.8748
Jajajaja....,fb,OpenRouter (Facebook),Positivo,"El post consiste en una serie de 'j' que representan risas, lo cual indica una emocion positiva.",5.644
Quien habla de valor jajajaja,fb,OpenRouter (Facebook),Negativo,La risa excesiva ('jajajaja') sugiere burla o sarcasmo hacia la noci√≥n de valor.,2.9565
"Independientemente de que Noboa es un p√©simo presidente, es rid√≠culo que alguien como Correa exija algo as√≠, m√°s cuando se la pasaba diciendo que ""iba a renunciar"" si alguien le encontraba algo malo, y as√≠ pasaron varios casos y nunca renunci√≥:",fb,OpenRouter (Facebook),Negativo,"El post expresa cr√≠tica y sarcasmo hacia las acciones de Correa, indicando una clara percepci√≥n negativa.",5.7991
"Un pr√≥fugo ablando de valent√≠a, que cosas no?",fb,OpenRouter (Facebook),Negativo,"El comentario critica de manera ir√≥nica la situaci√≥n de un pr√≥fugo hablando de valent√≠a, lo cual implica un juicio negativo.",3.2215
"- Caso Gast√≥n Duzac y Cofiec, nunca renunci√≥.",fb,OpenRouter (Facebook),Neutro,El post simplemente informa un hecho sin expresar una opini√≥n o emoci√≥n clara.,5.8645
"- Caso falsificaci√≥n de t√≠tulo del primo, nunca renunci√≥.",fb,OpenRouter (Facebook),Negativo,"El post menciona un caso de falsificaci√≥n de t√≠tulo del primo, lo que implica una acci√≥n negativa y poco √©tica.",5.6124
"Habla de valent√≠a este tipo ,que haces fuera del pa√≠s",fb,OpenRouter (Facebook),Negativo,"El comentario cuestiona la valent√≠a del individuo, sugeriendo escepticismo o duda sobre sus acciones.",8.5777
- Gran Hermano y nunca renunci√≥.,fb,OpenRouter (Facebook),Positivo,"El post destaca la persistencia de Gran Hermano, lo cual es algo positive.",7.8012
"Si el tuviera valor vendr√≠a al pa√≠s a rescatar a su amigo Glass, pero como es pr√≥fugo que se puede esperar.",fb,OpenRouter (Facebook),Negativo,El post cuestiona la valent√≠a de alguien yutiliza su estatus de pr√≥fugo para justificar una expectativa negativa de sus acciones.,9.1042
"Rafael Correa, expresidente del Ecuador, tuvo una entrevista con Radio Pichincha. Correa reflexion√≥ sobre la derrota del S√ç el 16 de noviembre. ""Es satisfactorio porque‚Ä¶ Ver m√°s",fb,OpenRouter (Facebook),Positivo,"El post describe la satisfacci√≥n de Rafael Correa por la derrota del S√ç, lo que indica un sentimiento positivo hacia el resultado.",3.4884
As√≠ debe analizar q la. rc ya vali√≥ 3 atados,fb,OpenRouter (Facebook),Neutro,"El post informa que ""la rc ya vali√≥ 3 atados"" sin expresar claramente una emoci√≥n positiva o negativa.",4.2252
"Si el tuviera valent√≠a, vendr√≠a a Ecuador a demostrar que es inocente con documentos en mano, eso es valent√≠a.",fb,OpenRouter (Facebook),Negativo,"El post cuestiona la valent√≠a de alguien y lo desafia a probar su inocencia, lo que implica una duda o cr√≠tica.",7.1139
"Rafael Correa reacciona a los gritos de la vicepresidenta Mar√≠a Jos√© Pinto: ""A m√≠ no me parece ¬´muy bien¬ª. Por el contrario, de ser sincera su reacci√≥n, me parece una g‚Ä¶ Ver m√°s",fb,OpenRouter (Facebook),Negativo,"El post muestra una reacci√≥n cr√≠tica y negativa hacia la vicepresidenta Mar√≠a Jos√© Pinto, utilizando un lenguaje fuerte que indica insatisfacci√≥n e irritaci√≥n.",5.0587
"Habla de valent√≠a este tipo ,que haces fuera del pa√≠s",fb,OpenRouter (Facebook),Negativo,"El lenguaje utilizado cuestiona la valent√≠a del individuo de manera sarc√°stica, lo que implica cr√≠tica o duda sobre sus acciones.",2.9904
Jajajaja....,fb,OpenRouter (Facebook),Positivo,"El post consiste en una carcajada ('Jajajaja'), lo cual indica una emoci√≥n positiva como diversi√≥n o alegr√≠a.",2.2789
"Si el tuviera valor vendr√≠a al pa√≠s a rescatar a su amigo Glass, pero como es pr√≥fugo que se puede esperar.",fb,OpenRouter (Facebook),Negativo,"El comentariocritica duramente a la persona, se√±alando su falta de valor y mencionando que es pr√≥fugo, lo que implica una connotaci√≥n negativa.",3.1863
"Rafael Correa afirm√≥ que el problema es que ""tenemos a dos primates con corbata"", Trump y Rubio, manejando la naci√≥n m√°s poderosa de la historia de la humanidad, lo cua‚Ä¶ Ver m√°s",fb,OpenRouter (Facebook),Negativo,"El post utiliza un t√©rmino despectivo hacia Trump y Rubio, lo que indica una clara opini√≥n negativa.",7.1165
Payaso pero venga y d√≠galo en una radio de ac√°‚Ä¶ cierto me acorde que no puedes!!,fb,OpenRouter (Facebook),Negativo,"El lenguaje utilizado es desafiante yungal, llamando a alguien payaso e implicando que no tiene el coraje de expresar sus opiniones abiertamente.",8.4903
"Si tuviera algo de valent√≠a, llegar√≠a Quito para trasladarle al encuentro!! Y si tuviera m√°s valent√≠a, terminar√≠a con Pati√±o tambi√©n!!",fb,OpenRouter (Facebook),Negativo,"El lenguaje utilizado es confrontativo y muestra frustraci√≥n, indicando un sentimiento negativo.",8.9585
"Independientemente de que Noboa es un p√©simo presidente, es rid√≠culo que alguien como Correa exija algo as√≠, m√°s cuando se la pasaba diciendo que ""iba a renunciar"" si alguien le encontraba algo malo, y as√≠ pasaron varios casos y nunca renunci√≥:",fb,OpenRouter (Facebook),Negativo,El post expresa una opini√≥n cr√≠tica hacia Noboa calific√°ndolo de mal presidente y cuestiona duramente a Correa por sus acciones y promesas incumplidas.,4.1293
"- Caso falsificaci√≥n de t√≠tulo del primo, nunca renunci√≥.",fb,OpenRouter (Facebook),Negativo,"El post menciona un caso de falsificaci√≥n de t√≠tulo, lo cual tiene una connotaci√≥n negativa, y agrega que el primo nunca renunci√≥, lo que sugiere una situaci√≥n de persistencia en una acci√≥n potencialmente cuestionable.",2.6455
"Rafael Correa, expresidente del Ecuador, tuvo una entrevista con Radio Pichincha. Correa reflexion√≥ sobre la derrota del S√ç el 16 de noviembre. ""Es satisfactorio porque algo queda, no pueden desturir todo"", expres√≥ Correa. ""La estrategia de la derecha es generar terror"" coment√≥ en este medio de comunicaci√≥n.",fb,OpenRouter (Facebook),Negativo,"El post menciona la derrota del S√ç y critica la estrategia de la derecha, lo que lleva a un sentimiento negativo.",8.7161
No deber√≠an entrevistar a personas que est√°n pr√≥fugas,fb,OpenRouter (Facebook),Negativo,"La oraci√≥n expresa una opinion contraria a la pr√°ctica de entrevistar a personas pr√≥fugas, lo cual se percibe como algo inapropiado o inconveniente.",7.4937
"Un pr√≥fugo ablando de valent√≠a, que cosas no?",fb,OpenRouter (Facebook),Negativo,"El mensaje critica ir√≥nicamente a un pr√≥fugo que habla sobre valent√≠a, lo que puede considerarse hip√≥crita.",3.2576
Quien habla de valor jajajaja,fb,OpenRouter (Facebook),Negativo,"El post utiliza una carcajada ('jajajaja') para expresar incredulidad o sarcasmo, lo que sugiere una actitud negativa hacia el concepto de valor.",3.9336
"- Caso Gast√≥n Duzac y Cofiec, nunca renunci√≥.",fb,OpenRouter (Facebook),Neutro,El post consiste en una declaraci√≥n factual sobre un caso espec√≠fico sinindycci√≥n de emoci√≥n o actitud positiva o negativa.,7.2053
- Gran Hermano y nunca renunci√≥.,fb,OpenRouter (Facebook),Neutro,La publicaci√≥n es una observaci√≥n factual sobre Gran Hermano sin expresar emoci√≥n alguna.,7.5913
"Si tuviera algo de valent√≠a, llegar√≠a Quito para trasladarle al encuentro!! Y si tuviera m√°s valent√≠a, terminar√≠a con Pati√±o tambi√©n!!",fb,OpenRouter (Facebook),Negativo,"El post utiliza un lenguaje confrontativo y cr√≠tico hacia Pati√±o, expresando deseos de acci√≥n negativa contra √©l, lo que indica un claro sentimiento negativo.",4.8558
Payaso pero venga y d√≠galo en una radio de ac√°‚Ä¶ cierto me acorde que no puedes!!,fb,OpenRouter (Facebook),Error Parsing,The sentiment of the post is negative due to the confrontational language and the mocking tone used towards the subject.,5.3325
"Gracias a todos por sus comentarios, recuerden seguirnos y compartir nuestro contenido https://www.facebook.com/plumadigitalec/subscribenow...",fb,OpenRouter (Facebook),Positivo,"El post expresa gratitud y anime a la comunidad a interactuar m√°s, lo cual refleja un sentimiento positivo.",4.3127
"Rafael Correa reacciona a los gritos de la vicepresidenta Mar√≠a Jos√© Pinto: ""A m√≠ no me parece ¬´muy bien¬ª. Por el contrario, de ser sincera su reacci√≥n, me parece una gran inconsecuencia. Han reducido personal, insumos y equipos, pero se ¬´indigna¬ª por la falta de atenci√≥n y grita a una sencilla trabajadora que no tiene la culpa de la ineptitud y corrupci√≥n del Gobierno.",fb,OpenRouter (Facebook),Negativo,"El post expresa cr√≠tica hacia la reacci√≥n de la vicepresidenta Mar√≠a Jos√© Pinto, se√±al√°ndola de insincera e inconsecuente, y critica al gobierno por reducir recursos y pessoal.",5.8752
"Si el tuviera valent√≠a, vendr√≠a a Ecuador a demostrar que es inocente con documentos en mano, eso es valent√≠a.",fb,OpenRouter (Facebook),Neutro,"El comentario es una invitaci√≥n a demostrar inocencia, sin palabras claramente positivas o negativas.",7.34
"C√≠nico, eres el rey del maltrato y violencia verbal.",fb,OpenRouter (Facebook),Negativo,"El comentario utiliza palabras con connotaci√≥n negativa como 'maltrato' y 'violencia verbal', lo que indica un sentimiento negativo hacia la persona a la que se dirige.",2.1789
Debi√≥ gritarse ella misma y no utilizar como chivo expiatorio a una pobre empleada del centro de salud.,fb,OpenRouter (Facebook),Negativo,"El post expresa cr√≠tica hacia el acto de culpar injustamente a una empleada, mostrando desaprobaci√≥n y percepci√≥n de injusticia.",7.0444
As√≠ debe analizar q la. rc ya vali√≥ 3 atados,fb,OpenRouter (Facebook),Positivo,"El post sugiere una valoraci√≥n positiva de la situaci√≥n, posiblemente refiri√©ndose a que algo ha alcanzado un valor significativo.",7.6204
X eso es q crea divisiones todos esos q trabajan en hospitales subcentros fiscal√≠as etc son correistas x eso hacen todo mal para q culpen al gobierno la medicina q llega la saben regalar entre ellos o votar para q digan q no hay,fb,OpenRouter (Facebook),Negativo,"El post expresa cr√≠ticas y acusaciones hacia ciertos grupos, mostrando frustraci√≥n y descontento.",6.85
Yo me acuerdo cuando el mameluco correa fue a un hospital y los pacientes comenzaron a reclamarle medicinas y el mameluco les dijo el que primero me llore lo meto preso . √âso extra√±an los borregos,fb,OpenRouter (Facebook),Negativo,"El post kritika duramente a una figura llamada Correa, describiendo su comportamiento de manera negativa y utilizando un lenguaje despectivo hacia sus seguidores.",3.0659
"Que venga a ver c√≥mo atienden y solo las va gritar sino hasta las meter√≠a presas se ve mucha negligencia, son pocos los que honran el uniforme y el juramento",fb,OpenRouter (Facebook),Negativo,"El post expresa frustraci√≥n y cr√≠tica hacia la negligencia y el incumplimiento del deber por parte de algunas personas, usando un lenguaje fuerte que refleja enojo.",8.0156
Lo mismo de siempre,fb,OpenRouter (Facebook),Neutro,"El post 'Lo mismo de siempre' no muestra claramente un sentimiento positivo ni negativo, pero puede sugirer una actitud de resignation o aburrimiento.",5.8949
"Que importa quien inaugur√≥ lo que se quiere es que den atenci√≥n al pueblo por Dios hasta cuando"" quien ase mas",fb,OpenRouter (Facebook),Negativo,El post muestra frustraci√≥n e impaciencia hacia la falta de atenci√≥n al pueblo y cuestiona la acci√≥n de quienes est√°n a cargo.,7.6077
"Rafael Correa, expresidente del Ecuador, tuvo una entrevista con Radio Pichincha. Correa reflexion√≥ sobre la derrota del S√ç el 16 de noviembre. ""Es satisfactorio porque‚Ä¶ Ver m√°s",fb,OpenRouter (Facebook),Positivo,"La palabra 'satisfactorio' indica una actitud positiva hacia la derrota del S√ç, sugiriendo que Correa ve el resultado de manera favorable.",5.6431
Quien necesita la opini√≥n del pr√≥fugo ?? Este individuo NO representa a nuestro Pa√≠s. Felicitaciones Vicepresidenta del Ecuador . Gracias por su intervenci√≥n ante la inoperancia de los funcionarios del hospital.,fb,OpenRouter (Facebook),Positivo,El post critica a un pr√≥fugo pero‰∏ªË¶ÅÁÑ¶ÁÇπÂú®Áß∞ËµûÂâØÁ∏ΩÁªüÁöÑÂπ≤È¢Ñ„ÄÇ,7.1778
"Quien critica, esto es resultado del endeudamiento en el que dejo al pais, se le olvido cuando el dej√≥ a muchas familias de m√©dicos sin el pan. Dec√≠a mi abuela que el ojo nunca ve para dentro sino para fuera.",fb,OpenRouter (Facebook),Negativo,"El post expresa cr√≠tica hacia alguien que dej√≥ al pa√≠s en deuda y afect√≥ a familias de m√©dicos, usando un dicho para resaltar la hipocres√≠a.",6.4787
"Rafael Correa, expresidente del Ecuador, tuvo una entrevista con Radio Pichincha. Correa reflexion√≥ sobre la derrota del S√ç el 16 de noviembre. ""Es satisfactorio porque algo queda, no pueden desturir todo"", expres√≥ Correa. ""La estrategia de la derecha es generar terror"" coment√≥ en este medio de comunicaci√≥n.",fb,OpenRouter (Facebook),Neutral,"El texto menciona una mezcla de emociones, desde la satisfacci√≥n de Correa por la derrota del S√ç hasta su cr√≠tica a la estrategia de la derecha, lo que resulta en un sentimiento neutral.",2.6002
"Rafael Correa afirm√≥ que el problema es que ""tenemos a dos primates con corbata"", Trump y Rubio, manejando la naci√≥n m√°s poderosa de la historia de la humanidad, lo cua‚Ä¶ Ver m√°s",fb,OpenRouter (Facebook),Negativo,"El post utiliza un lenguaje despectivo al referirse a Trump y Rubio como 'primates con corbata', lo que indica una fuerte cr√≠tica y un sentimiento negativo.",4.5236
"La culpa la tenemos nosotros como ciudadanos, por comentar y darle importancia a lo que publican los medios digitales. Al Sr. Correa no le interesa nada de nuestro Ecuador, lo que le importa es crear pol√©mica para mantenerse vivo en la pol√≠tica, y hay muchos que se prestan para este juego.",fb,OpenRouter (Facebook),Negativo,"El post expresa cr√≠tica y frustraci√≥n hacia los ciudadanos y el Sr. Correa, indicando un sentimiento negativo.",8.3408
"Rafael Correa reacciona a los gritos de la vicepresidenta Mar√≠a Jos√© Pinto: ""A m√≠ no me parece ¬´muy bien¬ª. Por el contrario, de ser sincera su reacci√≥n, me parece una g‚Ä¶ Ver m√°s",fb,OpenRouter (Facebook),Negativo,El lenguaje utilizado por Rafael Correa es cr√≠tico y utiliza un t√©rmino peyorativo hacia la vicepresidenta Mar√≠a Jos√© Pinto.,7.3195
"Que incongruencia, el criticando de gritos,su gobierno fue gritos y amenazas, detenciones",fb,OpenRouter (Facebook),Negativo,"El post critica la incongruencia de alguien que critic√≥ de gritos, destacando que su gobierno se caracteriz√≥ por gritos, amenazas y detenciones, lo cual refleja un sentimiento negativo hacia sus acciones pasadas y actuales.",12.2023
"Si el tuviera valor vendr√≠a al pa√≠s a rescatar a su amigo Glass, pero como es pr√≥fugo que se puede esperar.",fb,OpenRouter (Facebook),Negativo,"El post expres cr√≠ticas y dudas sobre la valent√≠a de la persona, utilizando un tono desaprobatorio.",2.5325
"Independientemente de que Noboa es un p√©simo presidente, es rid√≠culo que alguien como Correa exija algo as√≠, m√°s cuando se la pasaba diciendo que ""iba a renunciar"" si alguien le encontraba algo malo, y as√≠ pasaron varios casos y nunca renunci√≥:",fb,OpenRouter (Facebook),Negativo,"El post expresa cr√≠tica hacia ambos Noboa y Correa, usando t√©rminos como 'p√©simo' y 'rid√≠culo', indicando insatisfacci√≥n y desaprobaci√≥n.",3.133
Jajajaja....,fb,OpenRouter (Facebook),Positivo,"El post consiste en una risa prolongada, lo cual indica un sentimiento positivo.",4.5821
"#Ecuador| Rafael Correa defiende a Maduro y afirma que ‚Äúel 70 % de la droga sale de los puertos ecuatorianos‚Äù, que ‚Äúde Venezuela sale el 5 %‚Äù y que ‚ÄúEcuador es el prin‚Ä¶ Ver m√°s",fb,OpenRouter (Facebook),Neutro,"El post menciona una declaraci√≥n pol√≠tica de Rafael Correa sin expresar una clara emoci√≥n positiva o negativa, simplemente informando sobre sus palabras.",7.7788
"Habla de valent√≠a este tipo ,que haces fuera del pa√≠s",fb,OpenRouter (Facebook),Negativo,"El post cuestiona la valent√≠a de la persona de manera sarc√°stica, sugerriendo duda o escepticismo sobre sus acciones.",6.4978
"- Caso Gast√≥n Duzac y Cofiec, nunca renunci√≥.",fb,OpenRouter (Facebook),Neutro,El post presenta un enunciado factual sin adjetivos emotivos claros.,6.2296
No deber√≠an entrevistar a personas que est√°n pr√≥fugas,fb,OpenRouter (Facebook),Negativo,La frase expresa desaprobaci√≥n hacia la acci√≥n de entrevistar a personas pr√≥fugas.,8.4306
- Gran Hermano y nunca renunci√≥.,fb,OpenRouter (Facebook),Positivo,"El post menciona a Gran Hermano, una figura p√∫blica, y destaca que nunca renunci√≥, lo cual puede interpretarse como un comentario de admiraci√≥n o aprobaci√≥n hacia su perseverancia o determinaci√≥n.",6.6859
"- Caso falsificaci√≥n de t√≠tulo del primo, nunca renunci√≥.",fb,OpenRouter (Facebook),Negativo,"El post menciona un caso de falsificaci√≥n de t√≠tulo, lo cual tiene una connotaci√≥n negativa.",5.5783
Quien habla de valor jajajaja,fb,OpenRouter (Facebook),Negativo,El usuario expresa escepticismo o iron√≠a hacia el concepto de valor.,6.8166
"Un pr√≥fugo ablando de valent√≠a, que cosas no?",fb,OpenRouter (Facebook),Negativo,"El post critica con iron√≠a la situaci√≥n de un pr√≥fugo hablando de valent√≠a, mostrando incredulidad o desaprobaci√≥n.",7.3837
"Si el tuviera valent√≠a, vendr√≠a a Ecuador a demostrar que es inocente con documentos en mano, eso es valent√≠a.",fb,OpenRouter (Facebook),Negativo,"El post cuestiona la valent√≠a de alguien, sugiriendo que no act√∫a con valor.",6.1133
"Si tuviera algo de valent√≠a, llegar√≠a Quito para trasladarle al encuentro!! Y si tuviera m√°s valent√≠a, terminar√≠a con Pati√±o tambi√©n!!",fb,OpenRouter (Facebook),Negativo,"El lenguaje utilizado expresa deseos de confrontaci√≥n yPossible da√±o hacia otros, mostrando un sentimiento negativo.",6.7853
As√≠ debe analizar q la. rc ya vali√≥ 3 atados,fb,OpenRouter (Facebook),Positivo,"El usuario muestra satisfacci√≥n por la valorizaci√≥n de 'rc', indicando un an√°lisis positivo.",6.7504
"Rafael Correa afirm√≥ que el problema es que ""tenemos a dos primates con corbata"", Trump y Rubio, manejando la naci√≥n m√°s poderosa de la historia de la humanidad, lo cual resulta ""peligroso"".",fb,OpenRouter (Facebook),Negativo,"El post utiliza un lenguaje fuertemente cr√≠tico y despectivo, calificando a Trump y Rubio de ""primates con corbata"", lo que refleja un sentimiento negativo hacia ellos y su manejo de la naci√≥n.",6.7052
"Gracias a todos por sus comentarios, recuerden seguirnos y compartir nuestro contenido https://www.facebook.com/plumadigitalec/subscribenow...",fb,OpenRouter (Facebook),Neutro,"El comentario es una solicitud de seguimiento y compartir contenido, sin emociones negativas o positivas fuertes.",6.7089
Payaso pero venga y d√≠galo en una radio de ac√°‚Ä¶ cierto me acorde que no puedes!!,fb,OpenRouter (Facebook),Negativo,El post utiliza un insulto y un tono desafiante y dudoso hacia alguien.,9.4426
"Est√° bien que la gente tenga derecho a decir estupideces,pero no con tanto √©nfasis!!",fb,OpenRouter (Facebook),Negativo,"El poste muestra una actitud cr√≠tica hacia la manera en que algunas personas expresan sus opiniones. Aunque reconoce el derecho a expresar estupideces, lo hace de manera negativa al utiliser palabras como ""estupideces"" y ""tanto √©nfasis"", lo que indica frustraci√≥n o desaprobaci√≥n.",4.4202
La envidia y el estar profugo te est√° volviendo m√°s loco cuatro pelos !!! jjajajaja,fb,OpenRouter (Facebook),Negativo,"El post utiliza palabras como 'envidia' y 'profugo' que tienen una connotaci√≥n negativa, aunque el uso de 'jjajajaja' indica humor, el tono general parece burl√≥n y sarc√°stico hacia alguien.",6.7577
Te lo juro que tarde que temprano caer√°s,fb,OpenRouter (Facebook),Negativo,"El mensaje contiene una afirmaci√≥n que sugiere un resultado negativo para la persona dirigida, indicando una ca√≠da inevitable.",5.941
Tu imponias y amenazabas a todos tus opositores y ahora como te quedo el ojo que te hagan a ti asi????? Pronto caes en el Encuentro. ESO es todo.,fb,OpenRouter (Facebook),Negativo,"El texto tiene un tono hostil y crtico, con uso de lenguaje amenazante y una actitud negativa hacia la persona a la que se dirige.",7.746
"Est√° totalmente cerrado en sus creencias al pensar que Nicol√°s Maduro era un √°ngel bajado del cielo, con esto pierde credibilidad este se√±or, no hay verg√ºenza.",fb,OpenRouter (Facebook),Negativo,"El post critica duramente las creencias de alguien que considera angelical a Maduro, indicando falta de credibilidad y verg√ºenza, llevando a un sentimiento negativo.",6.1291
Una sugerencia a rathael... que haga una rifa para q lo ayude a su pana maduris,fb,OpenRouter (Facebook),Neutro,"El post incluye una sugerencia, pero no muestra un sentimiento claramente positivo o negativo, aunque se podr√≠a interpretar como un ofrecimiento de ayuda.",4.2915
"Rafael Correa reacciona a los gritos de la vicepresidenta Mar√≠a Jos√© Pinto: ""A m√≠ no me parece ¬´muy bien¬ª. Por el contrario, de ser sincera su reacci√≥n, me parece una g‚Ä¶ Ver m√°s",fb,OpenRouter (Facebook),Negativo,El comentario expresa cr√≠tica hacia la reacci√≥n de la vicepresidenta utilizando un lenguaje negativo e insinuante.,3.484
"#ECUADOR||  Rafael Correa se refiri√≥ a su situaci√≥n judicial y afirm√≥ que est√° a la espera de una resoluci√≥n del Comit√© de Derechos Humanos de la ONU, ante el cual pres‚Ä¶ Ver m√°s",fb,OpenRouter (Facebook),Neutro,"El post informa sobre la situaci√≥n judicial de Rafael Correa y su espera de una resoluci√≥n del Comit√© de Derechos Humanos de la ONU, sin expresar una opini√≥n positiva o negativa.",3.2343
"Rafael Correa, expresidente del Ecuador, tuvo una entrevista con Radio Pichincha. Correa reflexion√≥ sobre la derrota del S√ç el 16 de noviembre. ""Es satisfactorio porque‚Ä¶ Ver m√°s",fb,OpenRouter (Facebook),Positivo,"A pesar de la derrota del S√ç, el t√©rmino 'satisfactorio' indica una connotaci√≥n positiva.",4.3328
Dios es grande y pagarsi el haber destruido la Juventud Ecuatoriana!,fb,OpenRouter (Facebook),Negativo,"El post inicio positivo con 'Dios es grande' pero la segunda parte menciona la destruccion de la juventud ecuatoriana, lo cual es claramente negativo.",6.8095
"Habla de valent√≠a este tipo ,que haces fuera del pa√≠s",fb,OpenRouter (Facebook),Negativo,El comentario cuestiona la valent√≠a de la persona de manera sarc√°stica o desafiante.,2.9577
As√≠ burlaba Maduro ojal√° ya llegue el d√≠a para Correa,fb,OpenRouter (Facebook),Negativo,"El post muestra un sentimiento negativo hacia Nicol√°s Maduro y Rafael Correa, expresando una actitud cr√≠tica y desfavorable hacia ambos.",7.9589
"Rafael Correa afirm√≥ que el problema es que ""tenemos a dos primates con corbata"", Trump y Rubio, manejando la naci√≥n m√°s poderosa de la historia de la humanidad, lo cua‚Ä¶ Ver m√°s",fb,OpenRouter (Facebook),Negativo,"El lenguaje utilizado es claramente ofensivo y critico hacia Trump y Rubio, lo que indica un sentimiento negativo.",8.7242
"#Ecuador| Rafael Correa defiende a Maduro y afirma que ‚Äúel 70 % de la droga sale de los puertos ecuatorianos‚Äù, que ‚Äúde Venezuela sale el 5 %‚Äù y que ‚ÄúEcuador es el prin‚Ä¶ Ver m√°s",fb,OpenRouter (Facebook),Neutro,"El post pr√©senta hechos y estad√≠sticas sobre el tr√°fico de drogas sin usar lenguaje emotivo o cargado, lo que lo mantiene neutral.",8.4325
No deber√≠an entrevistar a personas que est√°n pr√≥fugas,fb,OpenRouter (Facebook),Negativo,El post expresa desaprobaci√≥n o objeci√≥n hacia entrevistar a personas pr√≥fugas.,6.6383
"Rafael Correa, expresidente del Ecuador, tuvo una entrevista con Radio Pichincha. Correa reflexion√≥ sobre la derrota del S√ç el 16 de noviembre. ""Es satisfactorio porque algo queda, no pueden desturir todo"", expres√≥ Correa. ""La estrategia de la derecha es generar terror"" coment√≥ en este medio de comunicaci√≥n.",fb,OpenRouter (Facebook),Neutro,"El –ø–æ—Å—Ç menciona opiniones de Rafael Correa que contienen tanto aspectos positivos (satisfacci√≥n por la derrota del S√ç) como cr√≠ticas (acusaciones a la derecha de generar terror), lo que resulta en un sentimiento neutro.",8.9474
"- Caso Gast√≥n Duzac y Cofiec, nunca renunci√≥.",fb,OpenRouter (Facebook),Neutro,"El post no expresa claramente un sentimiento positivo o negativo, simplemente informa un hecho.",3.0806
Jajajaja....,fb,OpenRouter (Facebook),Error Parsing,"{""sentimiento"": ""Positivo"", ""explicacion"": ""El post consiste en risas (""Jajajaja""), lo que indica una emocion positiva.""}",6.6359
Peligrosos son uds socialistas comunistas narcos pol√≠ticos criminales,fb,OpenRouter (Facebook),Negativo,"El post utiliza t√©rminos fuertemente negativos como 'peligrosos', 'narcos', 'pol√≠ticos criminales', lo que indica un sentimiento de enojo y condena hacia el grupo al que se dirige.",11.4898
Quien habla de valor jajajaja,fb,OpenRouter (Facebook),Negativo,El uso de 'jajajaja' indica una actitud burlona o de menosprecio hacia el tema del valor.,3.455
"Si el tuviera valor vendr√≠a al pa√≠s a rescatar a su amigo Glass, pero como es pr√≥fugo que se puede esperar.",fb,OpenRouter (Facebook),Negativo,"El comentario implica que el sujeto carece de valor y es un pr√≥fugo, lo cual refleja una cr√≠tica o desaprobaci√≥n negativa.",8.5577
"Independientemente de que Noboa es un p√©simo presidente, es rid√≠culo que alguien como Correa exija algo as√≠, m√°s cuando se la pasaba diciendo que ""iba a renunciar"" si alguien le encontraba algo malo, y as√≠ pasaron varios casos y nunca renunci√≥:",fb,OpenRouter (Facebook),Negativo,El lenguaje utilizado muestra una fuerte cr√≠tica y desaprobaci√≥n hacia ambos personajes pol√≠ticos mencionados.,8.067
Payaso pero venga y d√≠galo en una radio de ac√°‚Ä¶ cierto me acorde que no puedes!!,fb,OpenRouter (Facebook),Negativo,"El post utiliza lenguaje ofensivo e interrogativo, mostrando frustraci√≥n hacia alguien que no cumplir√≠a una acci√≥n propuesta.",3.54
"Mafia albanesa, 2007 Jalisco nueva generaci√≥n 2008, cartel de Sinaloa 2009 todos estos carteles entraron al Ecuador Ecuador adivinen qui√©n fue presidente de aquella √©poca quien quit√≥ la base de Manta, quien quit√≥ la autoridad a las fuerzas armadas, quien cambi√≥ la constituye a favor de narcos terroristas, quien elimin√≥ el pasado judicial a extranjeros, quien puso la tabla de consumo y as√≠........... y si embargo este engendro del demonio habla pero lo m√°s lamentable es que hay inocentes por no decir resentidos que le creen",fb,OpenRouter (Facebook),Negativo,"El post expresa una fuerte cr√≠tica y resentimiento hacia una figura pol√≠tica y sus pol√≠ticas, utilizando t√©rminos duros que reflejan una actitud negativa.",2.5914
"#Ecuador| Rafael Correa defiende a Maduro y afirma que ‚Äúel 70 % de la droga sale de los puertos ecuatorianos‚Äù, que ‚Äúde Venezuela sale el 5 %‚Äù y que ‚ÄúEcuador es el principal exportador de coca√≠na del planeta.",fb,OpenRouter (Facebook),Negativo,"El post menciona que Ecuador es el principal exportador de coca√≠na, lo cual es un problema grave y negatively perceived.",3.1056
- Gran Hermano y nunca renunci√≥.,fb,OpenRouter (Facebook),Positivo,"La frase destaca la determinaci√≥n y la resistencia, cualidades positivas.",9.313
"Un pr√≥fugo ablando de valent√≠a, que cosas no?",fb,OpenRouter (Facebook),Negativo,"El post utiliza sarcasmo e iron√≠a al mentionar a un pr√≥fugo hablando de valent√≠a. 'Pr√≥fugo' tiene connotaci√≥n negativa y la situaci√≥n es contradictoria, lo cual se siente m√°s negativo.",7.6232
"Si el tuviera valent√≠a, vendr√≠a a Ecuador a demostrar que es inocente con documentos en mano, eso es valent√≠a.",fb,OpenRouter (Facebook),Negativo,"El post cuestiona la valent√≠a de la persona y sugiere que no es inocente, reflejando escepticismo y cr√≠tica.",6.4805
Como el mismo dir√≠a care tuco‚Ä¶‚Ä¶,fb,OpenRouter (Facebook),Neutro,"El post no expresa claramente una emoci√≥n positiva o negativa, solo cita una expresi√≥n de manera neutral.",2.6279
"- Caso falsificaci√≥n de t√≠tulo del primo, nunca renunci√≥.",fb,OpenRouter (Facebook),Negativo,"El t√©rmino 'falsificaci√≥n' tiene una connotaci√≥n negativa, sugiriendo un acto de enga√±o o fraude.",9.4655
"Que tipo para mas descarado, corrupto sinverg√ºenza mentiroso,mentiroso ya estas muy cerca del encuentro debes de tener pruebas de lo que dices bazofia",fb,OpenRouter (Facebook),Negativo,"El lenguaje utilizado es fuertemente peyorativo, con t√©rminos como 'descarado', 'corrupto', 'sinverg√ºenza' y 'mentiroso', que indican un sentimiento negativo hacia la persona a la que se dirige.",7.7545
"Si tuviera algo de valent√≠a, llegar√≠a Quito para trasladarle al encuentro!! Y si tuviera m√°s valent√≠a, terminar√≠a con Pati√±o tambi√©n!!",fb,OpenRouter (Facebook),Negativo,"El post muestra una actitud de frustraci√≥n y posible agresi√≥n hacia una persona llamada Pati√±o, indicando deseos de confrontaci√≥n.",10.7733
Conoce muy bien del tema el Sr Correa,fb,OpenRouter (Facebook),Positivo,La expresi√≥nimpse que el Sr Correa tiene un conocimiento elevado sobre el tema.,4.8496
Entre delincuentes se conocen a la perfecci√≥n,fb,OpenRouter (Facebook),Negativo,"El t√©rmino 'delincuentes' tiene una connotaci√≥n negativa, y el comentario sugiere una cr√≠tica hacia su comportamiento o eficacia, transmitiendo una perspectiva desfavorable.",6.6582
"A este energ√∫meno solo la gente sin memoria le cree, acaso que no recordamos que retir√≥ la base de manta y abri√≥ las fronteras a toda persona sin exigir r√©cord policial ni antecedentes",fb,OpenRouter (Facebook),Negativo,"El comentario utiliza un lenguaje cr√≠tico y t√©rminos fuertes como 'energ√∫meno', indicando una clara actitud negativa hacia la persona mencionada. Adem√°s, se√±ala acciones espec√≠ficas que son vistas como negativas, como el retiro de una base y la apertura de fronteras sin controles adecuados.",4.65
As√≠ debe analizar q la. rc ya vali√≥ 3 atados,fb,OpenRouter (Facebook),Neutro,"El post presenta un an√°lisis del valor de algo, pero sin expresar claramente una emoci√≥n positiva o negativa.",12.6932
Pero si el tiene fotos con los narcotraficantes y las pandillas qu√© eran asamble√≠stas,fb,OpenRouter (Facebook),Negativo,"El post critica duramente a alguien por asociarse con narcotraficantes y pandillas, lo que genera un sentimiento negativo.",9.6501
"Este pa√≠s dice este hip√≥crita como si no fuera de ac√°, claro como se llev√≥ el dinero",fb,OpenRouter (Facebook),Negativo,"El post utiliza palabras fuertes como 'hip√≥crita' y critica la acci√≥n de llevarse el dinero, lo que indica una clara actitud negativa hacia la situaci√≥n descrita.",9.7738
Que castigo para los ecuatorianos tenerle en todo suceso del pa√≠s a este pr√≥fugo!,fb,OpenRouter (Facebook),Negativo,"El post expresa frustraci√≥n o tristeza por la presencia de un pr√≥fugo en eventos nacionales, lo que se percibe como un castigo para los ecuatorianos.",12.3767
"#ECUADOR||  Rafael Correa se refiri√≥ a su situaci√≥n judicial y afirm√≥ que est√° a la espera de una resoluci√≥n del Comit√© de Derechos Humanos de la ONU, ante el cual pres‚Ä¶ Ver m√°s",fb,OpenRouter (Facebook),Neutro,El post informa sobre la situaci√≥n judicial de Rafael Correa y su espera de una resoluci√≥n de la ONU sin mostrar un claro sentimiento positivo o negativo.,5.6483
"Rafael Correa, expresidente del Ecuador, tuvo una entrevista con Radio Pichincha. Correa reflexion√≥ sobre la derrota del S√ç el 16 de noviembre. ""Es satisfactorio porque algo queda, no pueden desturir todo"", expres√≥ Correa. ""La estrategia de la derecha es generar terror"" coment√≥ en este medio de comunicaci√≥n.",fb,OpenRouter (Facebook),Neutro,El post incluye tanto un comentario positivo como uno negativo.,4.8634
"Rafael Correa afirm√≥ que el problema es que ""tenemos a dos primates con corbata"", Trump y Rubio, manejando la naci√≥n m√°s poderosa de la historia de la humanidad, lo cua‚Ä¶ Ver m√°s",fb,OpenRouter (Facebook),Negativo,"El comentario utiliza un lenguaje despectivo al referirse a Trump y Rubio como ""primates con corbata"", lo cual denota una actitud cr√≠tica y negativa hacia ellos y su gesti√≥n.",7.5518
TIENES 50 ASAMBLEISTAS EN EL CONGRESO...MILES DE AFILIADOS AL PARTIDO..MUCHOS INFILTRADOS EN EL GOBIERNO... ES POPULAR A NIVEL INTERNACIONAL...DEJE DE GRITAR DESDE UN CHAT..Y ORDENE A SU GENTE QUE PONGA LAS DENUNCIAS PERTINENTES ..FORMALES ..NACIONALES E INTERNACIONALES...ASI LE HACE UN FAVOR AL ECUADOR...SABE TODO..TIENE LAS PRUEBAS ..SEA PATRIOTA Y HUNDA A LA BANANERA SI ESO ES VERDAD...NO SOLO SE CACAREA SE ACTUA,fb,OpenRouter (Facebook),Negativo,"El texto expresa frustraci√≥n y cr√≠tica hacia una persona o grupo, usando un tono confrontativo y exhortando a la acci√≥n formal contra supuestos maliciosos.",13.8369
"#Ecuador| Rafael Correa defiende a Maduro y afirma que ‚Äúel 70 % de la droga sale de los puertos ecuatorianos‚Äù, que ‚Äúde Venezuela sale el 5 %‚Äù y que ‚ÄúEcuador es el prin‚Ä¶ Ver m√°s",fb,OpenRouter (Facebook),Neutro,"El post presenta una declaraci√≥n pol√≠tica sobre el tr√°fico de drogas sin lenguaje emocional, manteniendo un tono neutral.",9.5378
Jajajaja....,fb,OpenRouter (Facebook),Positivo,"El post contiene risas ('Jajajaja'), lo cual indica una emoci√≥n positiva.",4.4043
"Habla de valent√≠a este tipo ,que haces fuera del pa√≠s",fb,OpenRouter (Facebook),Negativo,"El comentario cuestiona la valent√≠a de la persona de manera sarc√°stica o desafiante, sugiriendo que sus acciones no coinciden con sus palabras.",4.9969
"Rafael Correa, expresidente del Ecuador, tuvo una entrevista con Radio Pichincha. Correa reflexion√≥ sobre la derrota del S√ç el 16 de noviembre. ""Es satisfactorio porque‚Ä¶ Ver m√°s",fb,OpenRouter (Facebook),Neutro,"El post informa sobre la reflexi√≥n de Rafael Correa respecto a la derrota del S√ç, sin expresar una opini√≥n personal.",12.2932
"Si el tuviera valor vendr√≠a al pa√≠s a rescatar a su amigo Glass, pero como es pr√≥fugo que se puede esperar.",fb,OpenRouter (Facebook),Negativo,"El comentario critica duramente, insinuando cobard√≠a e irresponsabilidad.",5.383
No deber√≠an entrevistar a personas que est√°n pr√≥fugas,fb,OpenRouter (Facebook),Negativo,"El post expresa desacuerdo o oposici√≥n hacia la acci√≥n de entrevistar a personas pr√≥fugas, lo cual conlleva un sentimiento negativo.",9.6447
"Rafael Correa reacciona a los gritos de la vicepresidenta Mar√≠a Jos√© Pinto: ""A m√≠ no me parece ¬´muy bien¬ª. Por el contrario, de ser sincera su reacci√≥n, me parece una g‚Ä¶ Ver m√°s",fb,OpenRouter (Facebook),Negativo,"El texto expresa una reacci√≥n cr√≠tica y negativa hacia la vicepresidenta, utilizando un lenguaje fuerte y cortical.",12.4103
"Independientemente de que Noboa es un p√©simo presidente, es rid√≠culo que alguien como Correa exija algo as√≠, m√°s cuando se la pasaba diciendo que ""iba a renunciar"" si alguien le encontraba algo malo, y as√≠ pasaron varios casos y nunca renunci√≥:",fb,OpenRouter (Facebook),Negativo,"El post expresa cr√≠ticas hacia Noboa calific√°ndolo de mal presidente y se√±ala la hipocres√≠a de Correa, lo que refleja un sentimiento negativo hacia ambos l√≠deres.",6.0183
Quien habla de valor jajajaja,fb,OpenRouter (Facebook),Negativo,El uso de 'jajajaja' sugiere burla o sarcasmo hacia el concepto de valor.,2.6352
"Si tuviera algo de valent√≠a, llegar√≠a Quito para trasladarle al encuentro!! Y si tuviera m√°s valent√≠a, terminar√≠a con Pati√±o tambi√©n!!",fb,OpenRouter (Facebook),Negativo,"El post contiene lenguaje que indica falta de valent√≠a y deseos de confrontaci√≥n, mostrando insatisfacci√≥n y frustraci√≥n.",3.3119
- Gran Hermano y nunca renunci√≥.,fb,OpenRouter (Facebook),Neutro,La frase es un enunciado factual sin indicadores claros de sentimiento positivo o negativo.,8.484
"De acuerdo con versiones difundidas por sus simpatizantes, el pronunciamiento podr√≠a conocerse antes de que termine el a√±o. Si el fallo resulta favorable, el Ecuador, como Estado parte del Pacto Internacional de Derechos Civiles y Pol√≠ticos, estar√≠a obligado a acatar las recomendaciones del Comit√©, lo que podr√≠a abrir la puerta a una revisi√≥n del caso Sobornos y otros procesos judiciales relacionados.",fb,OpenRouter (Facebook),Neutro,"El texto informa sobre un posible pronunciamiento y sus posibles consecuencias de manera objetiva, sin mostrar una clara inclinaci√≥n positiva o negativa.",2.6835
As√≠ debe analizar q la. rc ya vali√≥ 3 atados,fb,OpenRouter (Facebook),Positivo,El post muestra aprobaci√≥n y satisfacci√≥n con el an√°lisis realizado.,4.4186
"- Caso Gast√≥n Duzac y Cofiec, nunca renunci√≥.",fb,OpenRouter (Facebook),Neutro,"El post menciona un caso sin expresar emocion.clearRect o juicio claro, solo presenta un hecho.",8.2512
"Si el tuviera valent√≠a, vendr√≠a a Ecuador a demostrar que es inocente con documentos en mano, eso es valent√≠a.",fb,OpenRouter (Facebook),Negativo,"El post cuestiona la valent√≠a e inocencia de alguien, sugiriendo dudas sobre su sinceridad.",6.7079
Correa es y ser√° un buen l√≠der un buen mandatario no hay punto de comparaci√≥n con el presidente actual del Ecuador...,fb,OpenRouter (Facebook),Positivo,"El post elogia a Correa como un buen l√≠der y mandatario, mostrando una actitud favorable hacia √©l.",3.4538
"- Caso falsificaci√≥n de t√≠tulo del primo, nunca renunci√≥.",fb,OpenRouter (Facebook),Negativo,El t√©rmino 'falsificaci√≥n' y la situaci√≥n descrita indican un problema serio y conflictivo.,9.4855
El mejor presidente del Ecuador de todos los tiempos,fb,OpenRouter (Facebook),Positivo,La oraci√≥n expresa una opini√≥n favorable hacia el presidente.,3.8496
Al fin Dios que vuelva por favor que vuelva. Para meterles plomo como si fuera mina,fb,OpenRouter (Facebook),Negativo,"El post muestra un deseo de venganza o da√±o hacia otros, reflejando un sentimiento negativo y de ira.",3.2244
q mi Dios me lo bendiga y q sea la voluntad de Dios,fb,OpenRouter (Facebook),Positivo,"El post expresa una actitud de fe y esperanza hacia Dios, buscando bendiciones y aceptando su voluntad.",2.4602
Q Dios escuche vuelve corea tu pueblo te nesesita,fb,OpenRouter (Facebook),Negativo,"El mensaje refleja una situaci√≥n de dificultad o problema, ya que se exprresa una necesidad urgente de que algo o alguien regrese.",4.3646
Payaso pero venga y d√≠galo en una radio de ac√°‚Ä¶ cierto me acorde que no puedes!!,fb,OpenRouter (Facebook),Negativo,"El mensaje utiliza palabras despectivas como 'payaso' y un tono retador, indicando una clara actitud negativa.",11.7464
el tayta pronto estar√° de regreso,fb,OpenRouter (Facebook),Positivo,"El post utiliza el t√©rmino cari√±oso 'tayta' y expresa anticipaci√≥n por el regreso de alguien, lo cual sugiere una emoci√≥n positiva.",3.7197
Excelente Noticia reci√©n me levanto leer esto llena el alma üëèüëèüëè,ig,Cloudflare (Instagram),Error Parsing,"{
""sentimiento"": ""Positivo"",
""explicacion"": ""Comentario de celebraci√≥n y entusiasmo""",2.9921
"Un pr√≥fugo ablando de valent√≠a, que cosas no?",fb,OpenRouter (Facebook),Negativo,"El post utiliza iron√≠a para se√±alarar la contradicci√≥n de que un pr√≥fugo hable sobre valent√≠a, lo cual se percibe de manera negativa.",12.8394
Pero a la c√°rcel!!!!!!,fb,OpenRouter (Facebook),Negativo,El uso de 'c√°rcel' con m√∫ltiples signos de exclamaci√≥n muestra enojo y frustraci√≥n.,5.9332
"#ECUADOR||  Rafael Correa se refiri√≥ a su situaci√≥n judicial y afirm√≥ que est√° a la espera de una resoluci√≥n del Comit√© de Derechos Humanos de la ONU, ante el cual present√≥ una denuncia contra el Estado ecuatoriano.",fb,OpenRouter (Facebook),Neutro,El post informa sobre la situaci√≥n legal de Rafael Correa de manera factual sin expresar una opini√≥n o emoci√≥n clara.,11.4995
"üëèüëèüëèüëèüëè bravisimoooo que buena noticia para el fin de semana, bravooo Ecuador üî•üî•‚ù§Ô∏è‚ù§Ô∏è",ig,Cloudflare (Instagram),Positivo,Comentario celebratorio y emotivo sobre una buena noticia,2.7952
Y como para que o que ??? Ôøº,fb,OpenRouter (Facebook),Negativo,"La publicaci√≥n expresa confusi√≥n o malestar ante algo, utilizando un lenguaje interrogativo y enf√°tico.",8.83
Es justo y necesario,ig,Cloudflare (Instagram),Positivo,Expresa acuerdo y justicia,2.7357
üî•üî•üî•üëèüëèüëèüëèüëèüëèhay.Dios mio para q no joda toma tu maduro,ig,Cloudflare (Instagram),Negativo,Cr√≠ticas severas y jocosa pero negativa,2.7852
El se√±or Rafael Correa,ig,Cloudflare (Instagram),Neutro,Comentario breve y objetivo sin tono emocional,2.5141
üëèüëèüëèüëè excelente üëèüëèüëè,ig,Cloudflare (Instagram),Error Parsing,"{
""sentimiento"": ""Positivo"",
""explicacion"": ""Comentario con varias ""excelente""s y emojis positivos""",2.674
Yo creo que esas condenas deber√≠an de ser mayores como de 35 a√±os a m√°s o cadena perpetua,ig,Cloudflare (Instagram),Error Parsing,"{
""sentimiento"": ""Negativo"",
""explicacion"": ""Condenas severas demandadas""",2.2149
üòÇüòÇüòÇles arde viva mi Presidente el mejor de la historia viva Rafael Correa,ig,Cloudflare (Instagram),Positivo,Elogiaci√≥n al presidente Rafael Correa,2.7395
! Que belleza de democracia !,ig,Cloudflare (Instagram),Positivo,Comentario admira la democracia,2.8694
CORREA EL MEJOR PRESIDENTE QUE HA TENIDO ECUADOR,ig,Cloudflare (Instagram),Positivo,Elogiando la gesti√≥n del presidente Correa,2.4564
Muy bien Ecuador est√° esperando tu regreso para que balla a inauguraci√≥n de la nueva c√°rcel tu ser√°s el primero q entre ah√≠,fb,OpenRouter (Facebook),Negativo,"El comentario tiene un tono sarc√°stico y cr√≠tico, sugeriendo que la persona ser√≠a encarcelada, lo cual es claramente negativo.",7.5987
"A la carcel mijo, con tu compa.",fb,OpenRouter (Facebook),Negativo,"El mensaje utiliza un lenguaje que puede interpretarse como insulto o mofa, incluso con el t√©rmino cari√±oso.",9.3706
üëè la justicia tarda pero llega,ig,Cloudflare (Instagram),Positivo,La justicia eventualmente hace justicia,2.801
El mejor correa,ig,Cloudflare (Instagram),Positivo,Expresi√≥n de aprobaci√≥n y preferencia,2.8716
üôå justicia contra el socialismo,ig,Cloudflare (Instagram),Positivo,Expresi√≥n de apoyo a una idea pol√≠tica,2.5545
BRAVO ECUADO . .ARRIBA,ig,Cloudflare (Instagram),Positivo,Expresi√≥n de apoyo y celebraci√≥n,2.6541
La justicia est√° vendida a la derecha eso es inconstitucional,ig,Cloudflare (Instagram),Error Parsing,"{
""sentimiento"": ""Negativo"",
""explicacion"": ""Condena la venta de justicia por parte de la derecha""",2.8441
"Este fue el que lo sac√≥, seg√∫n fuentes europeas",ig,Cloudflare (Instagram),Neutro,Comentario objetivo sobre informaci√≥n,2.4986
"muchos dicen q fue show y un apersona cercana a nostros le quebraron la mano , dentro del canalüò¢ los q dicen es show eso fue real",ig,Cloudflare (Instagram),Negativo,Menci√≥n a lesiones y dolor,2.3626
Ja ja ja te veo FELIZ üòÇuno de tus engre√≠dos qued√≥ libre.. no me sorprender√≠a q te visite üòÇ,ig,Cloudflare (Instagram),Positivo,Broma amistosa y humor√≠sticamente sarc√°stica,2.8951
Si t√∫ vienes con mentiras Correa te mete la Verdad te mete la verdad te mete la verdad,ig,Cloudflare (Instagram),Negativo,Cr√≠tica a Correa y uso de lenguaje agresivo,2.7403
Buena investigaci√≥n üëè,ig,Cloudflare (Instagram),Positivo,El comentario expresa aprobaci√≥n y satisfacci√≥n,2.7388
Y saber que hay gente que le cree a un profugo,ig,Cloudflare (Instagram),Negativo,Cr√≠tica a la incredulidad hacia refugiados,2.4828
Igual nadie te quiere a vos,ig,Cloudflare (Instagram),Negativo,Comentario despectivo y negativo,2.5339
Sue√±as con Noboa üòÇüòÇ,ig,Cloudflare (Instagram),Positivo,Incluye emojis de risa indicando alegr√≠a,2.9347
13 sentenciados hay por la incursi√≥n a tc Pero los correasnos siguen diciendo showüòÇüòÇ,ig,Cloudflare (Instagram),Positivo,Comentario ir√≥nico sobre justicia,2.5024
Que hartera con este Sr,ig,Cloudflare (Instagram),Negativo,Critica a alguien con un tono despectuoso,2.6324
#nosgobiernandelicuentes,ig,Cloudflare (Instagram),Negativo,Critica al gobierno y al sistema pol√≠tico,2.2826
Espa√±a otro Presidente Socialista y seguramente 4 pelos pidi√≥ q lo liberen por miedo a que hable,ig,Cloudflare (Instagram),Negativo,Cr√≠tica al presidente y sistema pol√≠tico,2.6215
Totalmente de acuerdo Espa√±a ! hizo todo lo posible pero este Gobierno no complic√≥ como todos los requisitos para poder extraditarlo al pa√≠s .,ig,Cloudflare (Instagram),Negativo,Cr√≠tica al gobierno y su actuaci√≥n,2.6039
Y QUE DICE SOBRE EL 30 SüòÇüòÇüòÇ,ig,Cloudflare (Instagram),Error Parsing,"{
  ""sentimiento"": ""Positivo"",
  ""explicacion"": ""Comentario humor√≠stico y divertido""",2.6485
Falta poco para que salgan las cuentas que le ha transferido a maduro est√© infeliz y ah√≠ vamos a ver si se le borra la sonrisa,ig,Cloudflare (Instagram),Negativo,Critica a alguien y espera su desgracia,2.6628
Excelente Jaime‚Ä¶ Apoyo total üí™üèº,ig,Cloudflare (Instagram),Positivo,Comentario de apoyo y elogio,2.5484
Pronto vendr√°n d√≠as mejores para el pais. Grande mashi üëèüëè,ig,Cloudflare (Instagram),Positivo,Expresa esperanza y apoyo al pa√≠s,2.5981
El mejor presidente üëèüëè,ig,Cloudflare (Instagram),Positivo,Elogiador y apoyo al presidente,2.3624
"Con todo Jaime, se sigue en la lucha porque Manta, Manab√≠ y Ecuador merece m√°s! ‚úäÔ∏èüëèüíôüíô",ig,Cloudflare (Instagram),Positivo,Expresa apoyo y determinaci√≥n para lograr un objetivo,2.9653
Bien mi pana!! Fatal el outfit del mashi..,ig,Cloudflare (Instagram),Positivo,Aplauso y humor en el comentario,2.6658
A seguir en la lucha como siempre querido amigo @jaimestrada11 üí™üèª‚úäüèª,ig,Cloudflare (Instagram),Positivo,Expresa apoyo y motivaci√≥n,2.8279
"Tenemos la certeza que volver√° a progresar nuestro pa√≠s, tenemos la certeza que volver√°s mi querido eterno Presidente Rafael Correa",ig,Cloudflare (Instagram),Positivo,Expresa confianza y apoyo al presidente,2.6704
üëèüëèüëèüëèüëèüëèüëèüëèüëèüëèüëè,ig,Cloudflare (Instagram),Error Parsing,"{
  ""sentimiento"": ""Positivo"",
  ""explicacion"": ""Muchas emociones positivas y entusiasmo""",2.678
"Exelente dupleta Ing Jaime Estrada, ud de seguro es el pr√≥ximo Alcalde de Manta üëèüëèüëèüëèüëèüëè",ig,Cloudflare (Instagram),Positivo,Elogiador y apoyo incondicional,2.4008
El mejor presindete üôåüëè,ig,Cloudflare (Instagram),Positivo,El usuario expresa entusiasmo y aprobaci√≥n,2.7344
Dime con quien andas y te dir√© qui√©n eres üòÇ,ig,Cloudflare (Instagram),Positivo,Comentario humor√≠stico y social,2.5356
C√≥mo Alondra,ig,Cloudflare (Instagram),Neutro,Comentario vac√≠o o sin contenido emocional,2.6072
Un pr√≥fugo no tiene derecho a nada,ig,Cloudflare (Instagram),Negativo,Condena a un pr√≥fugo sin derecho,2.5294
Mashi esperamos tu regreso pronto para poder recuperar la patria HLVS üñêÔ∏èüá™üá®üí™üíô,ig,Cloudflare (Instagram),Positivo,Expectaci√≥n y entusiasmo por un regreso,2.8328
üíô belleza Se√±or Jaime üòç pronto va a volver a hacer historia en Ecuador mi patria nuestro querido @mashirafaelig üôåüëè.,ig,Cloudflare (Instagram),Positivo,Expresi√≥n de entusiasmo y expectaci√≥n positiva,3.2781
Te encantar√≠a ser una coloradita. Acomplejado.,ig,Cloudflare (Instagram),Negativo,Comentario con tono cr√≠tico y frustraci√≥n,2.9221
Y tu peormente.. disque economista no sabes ni sumar ni rrestr solo rrobar...,ig,Cloudflare (Instagram),Negativo,Cr√≠tico y ofensivo hacia el economista,3.0112
Est√° de manicomio üòÇüòÇüòÇ,ig,Cloudflare (Instagram),Negativo,Comentario ir√≥nico sobre alguien en un estado de locura,2.8812
Siempre peleando con las mujeres quiz√°s solo el tipo pap√° no mam√° es mi opini√≥n,ig,Cloudflare (Instagram),Negativo,Peleando y tipo pap√° no mam√° sugieren conflictos,3.2154
Eso debe decir eso a √©l mismo por que de economista no tiene de nada,ig,Cloudflare (Instagram),Negativo,Cr√≠tica a la falta de habilidades de economista,2.5473
No le conviene esa es otra de sus facetas de doble animo,ig,Cloudflare (Instagram),Error Parsing,"{
""sentimiento"": ""Negativo"",
""explicacion"": ""Critica y desaprobaci√≥n a una persona""",2.4332
Este tipo de verdad que no tiene nada que hacer por Dios,ig,Cloudflare (Instagram),Negativo,Critica a alguien por no tener un papel religioso,2.7841
Aaah no pues el economista que dej√≥ quebrado al pa√≠s !!,ig,Cloudflare (Instagram),Negativo,Cr√≠tica fuerte hacia un economista,2.6282
Este siempre insulta a quien le dice las verdades.,ig,Cloudflare (Instagram),Negativo,Cr√≠tico hacia alguien que dice la verdad,2.6234
Como siempre se le sale lo .... q sea caballero es mucho pedir esa es su naturaleza,ig,Cloudflare (Instagram),Positivo,Aplauso por la naturaleza del caballero,2.8907
Seguro que √©l se refiere a que ella no tiene la mente perversa con el,ig,Cloudflare (Instagram),Error Parsing,"{
""sentimiento"": ""Negativo"",
""explicacion"": ""Comentario crtico y despectuoso hacia una persona""",2.9765
Este hombre es el odiador de mujeres eso ya est√° visto,ig,Cloudflare (Instagram),Negativo,Critica fuerte hacia el hombre,2.3538
"No entiendo por qu√©, perder el tiempo con un pr√≥fugo de la justicia. √âl tipp no vale la pena.",ig,Cloudflare (Instagram),Negativo,Critica la decisi√≥n de perder tiempo con alguien,2.7267
üôåüôåüôå‚ù§Ô∏è‚ù§Ô∏è‚ù§Ô∏èüëèüëèüëèüëè Apoyo al presidente !!,ig,Cloudflare (Instagram),Positivo,Apoyo expl√≠cito al presidente,2.5158
Total apoyo a nuestro presidente Noboa viva el Ecuador carajo.,ig,Cloudflare (Instagram),Positivo,Apoyo y entusiasmo hacia el presidente Noboa,2.8526
"Correa solo dice lo que es el mismo, as√≠ es como trata el y sus seguidores de tapar sus fechor√≠as. Bien contestado presi Noboa üíúüíúüíú",ig,Cloudflare (Instagram),Error Parsing,"{
  ""sentimiento"": ""Negativo"",
  ""explicacion"": ""Cr√≠tica a Correa y sus seguidores""",2.6645
Apoyo al presidente Noboa.,ig,Cloudflare (Instagram),Error Parsing,"{
""sentimiento"": ""Positivo"",
""explicacion"": ""Apoyo al presidente, tono de apoyo y aprobaci√≥n""",2.8132
"Daniel Noboa ,eres incre√≠ble, t√∫ trabajo lo apreciamos , no tengas en cuenta la ignorancia..Y conf√≠o que muy pronto correa le acompa√±e a Maduro, por fin no escuchar√© su voz... enhorabuena pueblo venezolano üëè",ig,Cloudflare (Instagram),Positivo,Aplauso y reconocimiento a Daniel Noboa y el pueblo venezolano,3.3437
Era que le aclare el panorama al pr√≥fugo SR. PRESIDENTE no que lo arrastre por el pisoüòÇüòÇ.,ig,Cloudflare (Instagram),Positivo,Jocosa cr√≠tica al presidente,2.6134
Primero ser√° a ti,ig,Cloudflare (Instagram),Positivo,"Mensajero y directo, con implicaci√≥n personal",2.7382
"La verdad siempre prevalece, y @danielnoboaok est√° del lado correcto. ¬°@MashiRafael, tu tiempo se est√° acabando!",ig,Cloudflare (Instagram),Negativo,Ataque personal a @MashiRafael,3.1553
"Tu insolencia es incre√≠ble NoBoa, un tipo que se la pasa de paseo y que ha vendido el Pais al imperio. El gobierno de Maduro no era de lo mejor pero la invasi√≥n no traer√° nada bueno a Venezuela, prueba de ello cada Pais invadido a quedado en soletas.",ig,Cloudflare (Instagram),Negativo,Critica duramente al gobierno y la invasi√≥n,2.9776
Me encanta esta novela!!!! Pero Noboa ya haz algo üôÑüôÑüôÑ la pelota est√° en tu cancha,ig,Cloudflare (Instagram),Positivo,"La mayor√≠a del texto es positivo, cr√≠tica constructiva al final",3.0102
Lo mismo que a Moreno: o sea va a verles la cara de gil diez a√±os a los de su partido,ig,Cloudflare (Instagram),Negativo,Cr√≠tica severa a alguien,3.8321
Jajajajjajaa ahora que cartel financiar√° al correismo.,ig,Cloudflare (Instagram),Negativo,Critica al Correismo y su financiaci√≥n,2.6558
"Esooooo asiiii mijo vivo vivo ya no te dejes resp√≥ndele a ese perro... el siguiente ser√° el menestr√≥n pr√≥fugo , los ecuatorianos de bien te apoyamos üíú que linda respuesta CARAJOOOüî•üî•üëèüëèüëèüôå",ig,Cloudflare (Instagram),Positivo,Respuesta fuerte y apoyo a alguien,2.5831
Lo dice el que quebr√≥ Tame,ig,Cloudflare (Instagram),Negativo,Criticismo hacia Tame por quebrar,2.4926
No nos interesa q piensa el profugo,ig,Cloudflare (Instagram),Error Parsing,"{
""sentimiento"": ""Negativo"",
""explicacion"": ""Expresi√≥n de indiferencia y desinter√©s""",2.6778
"Hablo el representante financiero de Madurito,",ig,Cloudflare (Instagram),Error Parsing,"{
  ""sentimiento"": ""Neutro"",
  ""explicacion"": ""Comentario informativo sin emotividad aparente""",2.6103
Correcto!!!,ig,Cloudflare (Instagram),Positivo,Expresi√≥n de aprobaci√≥n y enfatizaci√≥n,3.1432
Nunca la tuvo peor ahora,ig,Cloudflare (Instagram),Negativo,Comentario negativo sobre el estado actual,2.6617
SI LA ENVIDIA FUERA TI√ëA........üòÇüòÇüòÇüòÇüòÇüòÇüòÇ,ig,Cloudflare (Instagram),Positivo,Comentario humor√≠stico y libre de maldad,2.7834
"El genio en econom√≠a, y cogi√≥ al IESS de caja chica",ig,Cloudflare (Instagram),Positivo,Elogiado por su habilidad en econom√≠a,3.0468
Ya no sufras por lo que no pudiste hacer,ig,Cloudflare (Instagram),Positivo,Alivia el estr√©s y la culpa,2.4694
"Cuando fuiste presidente Correa la mayor√≠a de empresas se fueron al Per√∫ , que hablas",ig,Cloudflare (Instagram),Negativo,Critica a Correa y empresas que se fueron,2.4641
Jajajaja y sus 214 viajes para q sirvieron ?,ig,Cloudflare (Instagram),Negativo,Critica la gesti√≥n de viajes,2.4278
Calla ta ra do,ig,Cloudflare (Instagram),Neutro,No contiene texto comprensible,2.311
TENEMOS NUESTRO MEJOR PRESIDENTE DE ECUADOR DANIEL NOBOA MUY INTELIGENTE üëèüëèüëèüëèüëèüíúüíúüíúüíú,ig,Cloudflare (Instagram),Positivo,Elogiaci√≥n hacia el presidente Daniel Noboa,2.6366
VIVAAAA NOVOA CH üëçüíØ,ig,Cloudflare (Instagram),Positivo,Expresi√≥n de entusiasmo y aprobaci√≥n,2.6988
"Terrible, como habla negativo del Ecuador, env√©s de dar motivaci√≥n",ig,Cloudflare (Instagram),Negativo,Cr√≠tica al contenido de un mensaje,2.9295
Rafael. Correa. Mejor. Presidente. Y. Que. Represento. El. Ecuador. üëèüëèüëèüëèüá™üá®üá™üá®üá™üá®,ig,Cloudflare (Instagram),Positivo,Elogiando a Rafael Correa como mejor presidente,2.7815
"Exactamente el criminal pedofilo, genocida y corrupto y trompudo imperialita, ya est√° demente, est√° desesperado por la crisis profunda en la que tiene sumida a la sociedad estadunidense, est√° verdaderamente desequilibrado mental el trompudo!!!",ig,Cloudflare (Instagram),Error Parsing,"{
  ""sentimiento"": ""Negativo"",
  ""explicacion"": ""Critica severa y ofensiva hacia una persona""",2.6676
Ahora se enamoraron de Mahuad ?,ig,Cloudflare (Instagram),Negativo,Criticismo hacia la pareja de Mahuad,2.2753
¬øYa se olvidaron del feriado bancario?,ig,Cloudflare (Instagram),Negativo,Criticismo por olvido de un feriado,2.5377
La env√≠a puede mas q todo el peor enemigo de las personas es la envidia,ig,Cloudflare (Instagram),Positivo,Enfocada en superar la envidia con positivismo,4.5952
Este tipo de personas nunca deber√≠an de ser nombradas ni el uno ni el otro,ig,Cloudflare (Instagram),Negativo,Critica severa hacia una persona o grupo,2.6059
C√≥mo le pueden dar espacio a este tipo?,ig,Cloudflare (Instagram),Negativo,Cr√≠tica hacia la persona mencionada,3.8354
gracias a mahuad ecuador esta medio bien con el dolar,ig,Cloudflare (Instagram),Positivo,Comentario agradecido por la situaci√≥n econ√≥mica en Ecuador,3.3136
El villano de una historia mal contada,ig,Cloudflare (Instagram),Error Parsing,"{
""sentimiento"": ""Negativo"",
""explicacion"": ""Critica la calidad de la historia""",2.2554
"Devu√©lvame mi jubilaci√≥n sr Mahuad, qu√© hizo con mis a√±os de trabajo, en donde tuve que jubilarme a fines del a√±o 1998 por problemas de salud...",ig,Cloudflare (Instagram),Negativo,Expresa frustraci√≥n y rencor hacia Mahuad,2.809
Este man hablando de qu√©... Este man tambi√©n deber√≠a a rendir cuentas ac√°.,ig,Cloudflare (Instagram),Negativo,Cr√≠tica hacia alguien por no rendir cuentas,2.5866
"????????? Y tienen el descaro de publicar lo que dice este tipo, en serio los medios de comunicaci√≥n de este pa√≠s no tienen √©tica",ig,Cloudflare (Instagram),Negativo,Cr√≠tica a los medios de comunicaci√≥n,2.5811
Cianuro para este vejete,ig,Cloudflare (Instagram),Negativo,Insulto y agresividad hacia alguien,2.4021
Recuerdo que regalo medio Ecuador a Per√∫...,ig,Cloudflare (Instagram),Negativo,Reconocimiento de p√©rdida territorial,2.5414
Calladito deber√≠as estar.,ig,Cloudflare (Instagram),Negativo,Critica y desaprobaci√≥n expl√≠cita,3.1588
"MUY CIERTO !! HAY 2 PRESIDENTES QUE FUERON VITALES PARA EL FUTURO DEL ECUADOR, MAHUAD CON EL DOLLAR Y MORENO CON DESENMASCARAR AL SOCIALISTA QUE VENDIO A LA OATRIA CON LAS MAFIAS !!",ig,Cloudflare (Instagram),Positivo,Elogia a dos presidentes ecuatorianos,2.7711
EXCELENTE PRESIDENTE NOBOA üëçüëçüëèüëèüëè,ig,Cloudflare (Instagram),Positivo,Elogio expl√≠cito al presidente,2.6822
Arriba Noboa!!üëè,ig,Cloudflare (Instagram),Positivo,Apoyo y entusiasmo hacia Noboa,2.3395
Bien dicho üëè,ig,Cloudflare (Instagram),Positivo,Aplauso y elogio expl√≠cito,2.6542
Muy bien respondido,ig,Cloudflare (Instagram),Positivo,Comentario elogioso y aprobatorio,2.5256
üëèüëèüëèüëèüëèüëèüëèüëèüëèüëèüëèüëèüëèüëèüí™üèªüí™üèªüí™üèªüí™üèªüí™üèªüí™üèªüí™üèªüí™üèªüí™üèªüí™üèªüí™üèªüí™üèªüí™üèªüí™üèªüíúüíúüíúüíúüíúüíúüíúüíúüíúüíúüíúüíúüíúüíúüíúüíúüíúüíúüíúüíú,ig,Cloudflare (Instagram),Positivo,Muchos emojis positivos y de apoyo,2.7929
Te apoyamos President!!! Ya BASTA de tanto odio hacia el pueblo de Ecuador üá™üá® de parte de otro ecuatoriano,ig,Cloudflare (Instagram),Positivo,Apoyo al presidente y rechazo al odio,2.7683
Bien!!!!!!? Ese es el Presidente de la Rep√∫blica del Ecuador. üëèüëèüëèüëèüëèüëèüëèüëè,ig,Cloudflare (Instagram),Positivo,Expresa apoyo y admiraci√≥n hacia el presidente,2.3201
üëèüëèüëèüëèüëè de frente de una se le dice las cosas,ig,Cloudflare (Instagram),Error Parsing,"{
""sentimiento"": ""Positivo"",
""explicacion"": ""Aplausos y elogios hacia alguien""",2.6775
As√≠ se habla Noboa,ig,Cloudflare (Instagram),Positivo,Expresi√≥n de aprobaci√≥n hacia Noboa,2.8277
Jaaaaa cart√≥n ni tu mismo te lo crees trabaja has lo que izo Correa con el pa√≠s as√≠ lo superar√°s,ig,Cloudflare (Instagram),Negativo,Cr√≠tico hacia Correa y su gesti√≥n,2.711
El duro de las cajas de banano ..siempre aparecen drogas en cajas de banano pero el no sabe nada ...habla de progen..o de healthbird..q lo blindaste x 15 a√±os .. porque?? O lo √∫ltimo sobre los 3 millones por 90 hectareas..el m√°s honesto del mundo,ig,Cloudflare (Instagram),Negativo,Cr√≠tica a alguien y sus acciones,2.4128
La mayor corrupci√≥n la tiene usted y sus funcionarios se√±or Noboa,ig,Cloudflare (Instagram),Error Parsing,"{
  ""sentimiento"": ""Negativo"",
  ""explicacion"": ""Critica a Noboa por corrupci√≥n""",2.4302
Qu√© falta de respeto meter a los padres en peleas pol√≠ticas,ig,Cloudflare (Instagram),Negativo,Critica la interferencia pol√≠tica en la vida familiar,2.5843
Acaso es la presidenta de B√©lgica üòÇüòÇ,ig,Cloudflare (Instagram),Positivo,Comentario humor√≠stico y l√∫dico,2.5361
Y que va aser esta nada,ig,Cloudflare (Instagram),Negativo,Expresi√≥n de descontento y frustraci√≥n,2.3481
Este Nobita‚ù§Ô∏è s√≠ que no les da descanso a los pr√≥fugos ! No va a parar hasta verlos pagando caro sus corrupciones üëèüëè,ig,Cloudflare (Instagram),Positivo,Apoyo a la lucha contra la corrupci√≥n,2.7322
Traerlo a Ecuador o extraditarlo a Estados Unidos...,ig,Cloudflare (Instagram),Negativo,Condena a alguien sin especificar motivos,2.5178
Pobres florindos so. Felices con puro show üòÇüòÇüòÇ cojudos,ig,Cloudflare (Instagram),Positivo,El tono es humor√≠stico y la risa indica alegr√≠a,3.0325
"Huir a su √∫ltima madriguera, M√©xico. Despu√©s el tiempo lo dir√°, sabremos si morir√° de pr√≥fugo o en qu√© pa√≠s y c√°rcel descansar√°.",ig,Cloudflare (Instagram),Negativo,Comentario amenazante y cr√≠tico hacia M√©xico,2.5669
Jajajajaja sue√±en,ig,Cloudflare (Instagram),Positivo,Sonrisa y risas expresadas,2.6284
"No meten presos ni a los q estan aqui en Ecuador y se van por alla tan Lejos, piensan q en Europa son como aqui que vemos a un extranjero y le damos hasta la cama de nosotros, alla tiene q sacar cita para hablar con el ultimo secretario del Ministro y recien para ver q es lo q quiere.",ig,Cloudflare (Instagram),Negativo,Cr√≠tica a la justicia ecuatoriana,2.6299
"Alla no es usa , all√° a ella no le paran bola es una m√°s",ig,Cloudflare (Instagram),Negativo,Comentario despectivo sobre una persona,2.5936
üòÇüòÇüòÇüòÇüòÇüòÇüòÇüòÇ cuento y m√°s cuento para los cirqueros fan√°ticos de este cuentero üòÇüòÇüòÇüòÇüòÇ,ig,Cloudflare (Instagram),Positivo,Comentario humor√≠stico y de apoyo a un cuentero,2.7265
Puro show ella no puede hacer nada B√©lgica no es Ecuador donde se meten a las embajadas a la fuerza,ig,Cloudflare (Instagram),Negativo,Ataque a B√©lgica y cr√≠tica a la acci√≥n,2.5381
"Arriba Andrea, tu si puedes...",ig,Cloudflare (Instagram),Positivo,Aliento y motivaci√≥n para alguien,2.4816
"TENEMOS DE ALIADO FUERTE A EEUU, SI ES POSIBLE TRAER A EL MEJOR PRESI AL ENCUENTRO CON SU PANA üëçüíØ",ig,Cloudflare (Instagram),Positivo,Expresa apoyo y entusiasmo hacia un l√≠der pol√≠tico,3.1296
üëèüëèüëèüëèüëèüëèüëèüëèüëèüëèüíúüíúüíúüíúüíúüíúüíúüíú,ig,Cloudflare (Instagram),Positivo,M√∫ltiples emojis positivos de celebraci√≥n,2.7955
Bravoooooooooooooooooooooooooo este es un verdadero Ecuatoriano ‚Ä¶ el verdadero Ecuatoriano ama su patria la defiende con la vida si fuera preciso‚Ä¶ no lo saquean no le roban al pueblo no se llevan la plata de ancianos jubilados que hasta dejaron de comer x pagar su seguro ‚ù§Ô∏èüôåüëèüëèüëèüëèüëèüëèüëèüëèüëèüëèüëèüëèüëèüëèüëèüëèüëè,ig,Cloudflare (Instagram),Positivo,Defensa de la patria y rechazo a la corrupci√≥n,3.2425
Siiiiiiiiiiiiiiii,ig,Cloudflare (Instagram),Positivo,Expresi√≥n entusiasta y emocionada,2.3698
Mejor ustedes escondanse por q ah todos les llega su hora as√≠ q pilas,ig,Cloudflare (Instagram),Error Parsing,"{
""sentimiento"": ""Negativo"",
""explicacion"": ""Comentario amenazante y agresivo""",2.4468
"Correa te lleg√≥ la hora, bandida no te escapasüòÇüòÇüòÇ",ig,Cloudflare (Instagram),Negativo,Atacar a alguien con apodos peyorativos,2.7348
Me r√≠o de janeiro,ig,Cloudflare (Instagram),Positivo,La menci√≥n a R√≠o de Janeiro sugiere felicidad,2.7696
Como si desaparecer a Correa le quita lo corrupto a este gobierno!!!,ig,Cloudflare (Instagram),Negativo,Critica al gobierno y a Correa,2.3734
ENCUENTRO ENCUENTRO ENCUENTRO ENCUENTRO ENCUENTRO ENCUENTRO ENCUENTRO ENCUENTRO ENCUENTRO ENCUENTRO ENCUENTRO ENCUENTRO ENCUENTRO ENCUENTRO ENCUENTRO ENCUENTRO,ig,Cloudflare (Instagram),Positivo,Intensidad emocional y entusiasmo en el texto,2.7872
Que deje el odio y que se ponga a trabajar el gobierno,ig,Cloudflare (Instagram),Error Parsing,"{
""sentimiento"": ""Negativo"",
""explicacion"": ""Cr√≠tica al gobierno y al odio""",2.2549
"Ecuador es territorio libre de narco-dictaduras gracias a @danielnoboaok. @MashiRafael, sigue defendiendo a tus amigos presos, que pronto les har√°s compa√±√≠a.",ig,Cloudflare (Instagram),Negativo,Cr√≠tica a la justicia y apoyo a la dictadura,2.7765
Terrible. Ya se les acab√≥ lo robado?,ig,Cloudflare (Instagram),Negativo,Comentario critico hacia la situaci√≥n,2.3854
Pobrecito Glass !! No tienen ni para una receta m√©dica üò¢üò¢üò¢ Pero para ponerse pelo si tuvo ü§£,ig,Cloudflare (Instagram),Negativo,Cr√≠tica a la empresa Glass y su falta de recursos,2.6695
No hay algo importante que informarüòÇüòÇüòÇüòÇ,ig,Cloudflare (Instagram),Positivo,El uso de emojis de risa indica humor y alegr√≠a,3.107
Ser√° que se roba lo de la rifa tambien ü§£ü´£,ig,Cloudflare (Instagram),Negativo,Comentario cr√≠tico sobre posible robo en rifa,2.8259
"Que re√∫nan a los que les puso en los puestos de gobierno, hasta ahora siguen. Ni un chaulafan le han de llevar los jueves ü§¶üèª‚Äç‚ôÇÔ∏èü§¶üèª‚Äç‚ôÇÔ∏èü§¶üèª‚Äç‚ôÇÔ∏è",ig,Cloudflare (Instagram),Negativo,Cr√≠tica a la gesti√≥n pol√≠tica actual,2.5671
El premio ser√° la hidroel√©ctrica fantasma y uno de los hospitales con sobreprecio,ig,Cloudflare (Instagram),Negativo,Se critica el premio y sobreprecio de hospital,2.6761
Ni para limpiarse con ese afiche,ig,Cloudflare (Instagram),Negativo,Especificaci√≥n de falta de calidad,2.3465
A la Lucha delegenlo a que recoja fondos para ella es f√°cil ¬π,ig,Cloudflare (Instagram),Negativo,Cr√≠tica a Lucha por no recaudar fondos,2.8174
"Igual que la que hizo para su contralor m√°s simp√°tico, Polit y despu√©s este pag√≥ una fianza de catorce millones de d√≥lares.",ig,Cloudflare (Instagram),Negativo,Comenta sobre fianza de 14 millones de d√≥lares,2.8648
Ya se acabar√≠a los millones que se llev√≥,ig,Cloudflare (Instagram),Negativo,Se critica la p√©rdida de dinero,2.6239
Jajaj una vaina estos manes,ig,Cloudflare (Instagram),Error Parsing,"{
""sentimiento"": ""Positivo"",
""explicacion"": ""Sentimiento de alegr√≠a y divertimento""",2.5356
DANIEL NOBOA ES EL MEJOR PRESIDENTE QUE ECUADOR A TENIDO ‚ù§Ô∏è‚ù§Ô∏è‚ù§Ô∏è,ig,Cloudflare (Instagram),Positivo,El autor considera a Noboa como el mejor presidente,2.5292
Dios te bendiga presidente....üíúüíúüíúüíú,ig,Cloudflare (Instagram),Positivo,Expresi√≥n de admiraci√≥n y agradecimiento,2.7338
Estamos con usted se√±or presidente üëèüëèüëèüëèüëèüëèüíúüíúüíúüíú,ig,Cloudflare (Instagram),Error Parsing,"{
""sentimiento"": ""Positivo"",
""explicacion"": ""Apoyo y adoraci√≥n hacia el presidente""",2.6533
Que perdida de energ√≠a con este sr. Ser,ig,Cloudflare (Instagram),Negativo,Critica hacia alguien o algo,2.4211
‚ù§Ô∏è‚ù§Ô∏è‚ù§Ô∏è‚ù§Ô∏èüëèüëèüëèüíúüíúüíúüíú,ig,Cloudflare (Instagram),Positivo,Expresiones de entusiasmo y aprobaci√≥n,2.9218
üëèüëèüëèüëèüëè‚ù§Ô∏è. Noboa. El mejor,ig,Cloudflare (Instagram),Positivo,Elogiaci√≥n expl√≠cita y emotiva hacia Noboa,3.0979
"Era de responderle ,no de destruirloüòÇüòÇüòÇüòÇ.....Noboa una y mil veces presidente üíúüíúüíúüíú",ig,Cloudflare (Instagram),Positivo,Comentario humor√≠stico y de apoyo a un pol√≠tico,3.0365
üëèüëèüëèüëèüëèDios siga teniendo el control y le conceda sabidur√≠a delo alto @danielnoboaok üëèüëèüëèMy President üíúüíúüíúüíúüá™üá®,ig,Cloudflare (Instagram),Positivo,Expresa admiraci√≥n y agradecimiento hacia @danielnoboaok,3.4875
"MI HONORABLE SE√ëOR PRESIDENTE DEL ECUADOR DANIEL NOBOA AZIN, ESTAMOS CON USTED TIENE TODO NUESTRO APOYO INCONDICIONAL, POR UN ECUADOR LIBRE DE EST√â INDESEABLE CORREA ü§Æ",ig,Cloudflare (Instagram),Error Parsing,"{
""sentimiento"": ""Positivo"",
""explicacion"": ""Apoyo incondicional al presidente y cr√≠tica a Correa""",2.9538
ü•äDale duro üíúüíúüíúüíú,ig,Cloudflare (Instagram),Positivo,Expresi√≥n de apoyo y entusiasmo,2.8514
NUUUUUCA MASssss √âl NARCORREISMO NUNCA,ig,Cloudflare (Instagram),Error Parsing,"{
  ""sentimiento"": ""Negativo"",
  ""explicacion"": ""Expresa rechazo y enfado con el narcocultura""",2.9815
Estamos con Ud Se√±or Presidenteüëèüëèüëèüëèüëèüëè,ig,Cloudflare (Instagram),Positivo,Apoyo y aprobaci√≥n al Presidente,2.5792
Ser√°. Que. Todav√≠a. No. Recuperan. Lo. Que. Les. Cobraron. Por. La. Deuda. De. Los. Tantos. Millones. De. Impuestos. Y. Que. Dicen. De. Todos. Los. Casos. De. Corrupci√≥n. De. Este. √öltimo. Tiempo. üî•,ig,Cloudflare (Instagram),Negativo,Expresa frustraci√≥n y descontento con el sistema,2.7971
El narco presidente quiere desquitarse por la acienda que le dieron al pueblo lo que le deb√≠a he onventara pruebas como siempre,ig,Cloudflare (Instagram),Negativo,Cr√≠tico al presidente y al narcotr√°fico,2.7645
